,id,notes,average_beat,min_correlation,weights
0,0,"[[1, 2, 5, 10], [1, 2, 4, 5, 6, 8, 9], [2, 3, 6, 7, 8, 11], [1, 6, 8], [4, 9, 11], [5, 6, 7, 8, 9, 10, 11], [2, 8, 10, 11], [1, 6, 10]]",4.625,0.787726361443376,2.75
1,1,"[[2, 3, 5, 8], [1, 6, 9], [1, 3, 9, 11], [2, 3, 8, 9], [1, 2, 4, 5, 7, 10, 11], [1, 4, 5, 6, 9], [1, 2, 3, 6, 7, 9, 10], [2, 3, 4, 5, 7, 9, 11]]",5.125,0.8723686098443353,2.75
2,2,"[[2, 5, 6, 8, 9], [4, 6, 9, 10], [1, 2, 4, 7, 10], [2, 3, 4, 6, 8, 11], [2, 3, 5, 7, 9, 10, 11], [1, 2], [1, 2, 9], [1, 4, 5, 8, 10, 11]]",4.75,0.7714542762891772,2.625
3,3,"[[3, 5, 6, 7, 8, 10], [1, 2, 4, 5, 7, 10], [1, 2, 4, 5, 7, 10, 11], [1, 2, 3, 4, 6, 7, 9], [3, 4, 7, 9, 10], [2, 5, 8, 9, 10], [2, 4, 7, 8, 10], [1, 2, 3, 5]]",5.625,0.9217968987834138,3.0
4,4,"[[2, 4, 6, 8, 10], [3, 6, 9], [2, 3, 4, 6, 7, 8, 9], [1, 3, 8, 9, 10], [1, 3, 6, 7, 9, 10], [4, 6, 7, 9, 10, 11], [1, 2, 3, 5, 6, 8, 9, 10, 11], [1, 4, 5, 9, 10]]",5.75,0.9239089739184448,2.625
5,5,"[[1, 5, 6, 7, 8, 10], [1, 2, 3, 4, 6, 7, 8, 10, 11], [1, 2, 7, 8, 9, 11], [1, 2, 4, 5, 7, 9, 10, 11], [1, 2, 4, 7, 9, 10], [1, 2, 3, 4, 5, 6], [5, 6, 7, 9, 10, 11], [4, 6, 9, 10]]",6.375,0.9202151231696927,3.125
6,6,"[[2, 4, 11], [1, 3, 9, 10], [2, 3, 7, 9, 10], [1, 2, 3, 5, 6, 9, 10, 11], [2, 3, 4, 5, 7, 8, 9, 10, 11], [1, 2, 3, 4, 6, 7, 9, 10, 11], [1, 2, 3, 8, 10, 11], [1, 2, 3, 4, 5, 7, 9]]",6.375,0.8115996902578917,3.125
7,7,"[[5, 6, 7, 8, 11], [3, 8, 9, 10, 11], [1, 4, 5, 7], [2, 3, 7, 8, 9], [2, 3, 5, 10, 11], [1, 2, 4, 5, 7, 9], [3, 4, 6, 10, 11], [1, 2, 6, 7, 9]]",5.0,0.8210548819688545,2.75
8,8,"[[4, 7, 8, 10, 11], [3, 4, 5, 7, 8, 9], [1, 5, 6, 9, 11], [3, 4, 5, 7], [1, 4, 7, 8, 11], [1, 3, 4, 5, 6, 7, 10, 11], [3, 4, 5, 6, 7], [1, 3, 5, 6, 10]]",5.375,0.9258200997725515,2.25
9,9,"[[5, 6, 9, 10, 11], [1, 3, 4, 7, 10], [1, 5, 8, 10], [2, 4, 5, 6, 7, 8, 10], [1, 2, 3, 4, 5, 6, 8, 9, 11], [1, 4, 5, 6, 7, 9, 11], [3, 5, 6, 8, 10, 11], [1, 2, 4, 5, 7, 8, 11]]",6.25,0.9214426752509267,3.25
10,10,"[[4, 5, 7, 8, 9], [4, 7, 10], [1, 2, 3, 4, 7, 9, 10, 11], [1, 2, 3, 6, 7, 8, 9, 10], [3, 7, 11], [3, 4, 5, 10], [2, 4, 6, 8, 9, 11], [1, 5, 6, 9, 10]]",5.25,0.8808303292720553,2.75
11,11,"[[2, 3, 5, 6, 7, 9], [2, 3, 4, 6, 8, 9], [3, 6, 7, 11], [3, 5, 6, 7, 11], [1, 2, 3, 4, 5, 6, 7, 8, 9, 11], [1, 2, 3, 4, 7, 8, 10], [2, 3, 4, 6, 7, 9, 10, 11], [1, 4, 6, 9, 10, 11]]",6.5,0.9174698042719672,2.5
12,12,"[[1, 4, 6, 7, 8, 11], [1, 2, 5, 7, 9], [2, 5, 7, 8], [4, 7, 8, 10, 11], [5, 6, 7, 11], [2, 3, 4, 8, 11], [1, 4, 5, 8, 9, 10], [2, 3, 5, 9, 11]]",5.0,0.8383383833392811,2.75
13,13,"[[2, 4, 5, 6], [1, 2, 3, 4, 7, 8, 10, 11], [1, 2, 5, 7, 10, 11], [1, 4, 7, 8, 11], [2, 4, 5, 8, 10], [2, 5, 6, 10], [2, 3, 7, 8, 9, 10, 11], [1, 4, 5, 6, 8]]",5.5,0.8910068068039617,2.5
14,14,"[[1, 5, 6, 7], [4, 5, 9, 10], [1, 5, 6, 8, 9], [1, 2, 4, 6, 7, 8, 9, 10], [1, 2, 4, 5, 6, 8, 9], [1, 8, 9, 11], [1, 2, 3, 4, 6, 11], [1, 2, 3, 8, 9, 11]]",5.5,0.7518269813016524,3.25
15,15,"[[3, 8, 9, 10, 11], [1, 2, 5, 6, 8, 9, 10, 11], [1, 2, 4, 6, 7, 10], [2, 5, 8, 11], [1, 3, 4, 5, 6, 9, 11], [1, 3, 4, 8, 9, 10, 11], [1, 3, 8, 9], [1, 2, 3, 7, 8, 9, 10]]",6.0,0.8195876288659794,3.125
16,16,"[[2, 3, 4, 6, 8, 10], [6, 7, 8, 9, 10], [1, 5, 6, 11], [2, 8, 10], [3, 4, 5, 6, 7], [2, 4, 9, 10, 11], [3, 5, 8, 9], [1, 2, 3, 6, 7, 8, 10]]",4.875,0.8660254037844386,2.25
17,17,"[[1, 2, 4, 5, 8, 9, 11], [1, 4, 9, 10, 11], [2, 3, 7, 8, 10], [2, 5, 8, 9], [2, 3], [1, 2, 4, 7, 8, 9, 10], [1, 3, 4, 6, 7, 8], [2, 3, 4, 6, 9, 10]]",5.25,0.8588011920924933,2.375
18,18,"[[1, 2, 4, 5, 6, 8, 9], [1, 2, 5, 6, 8, 11], [3, 5, 6, 9, 11], [1, 2, 3, 5, 6, 9, 10, 11], [4, 6, 9, 11], [1, 6, 7, 8, 9, 10, 11], [2, 3, 4, 5, 6, 11], [3, 4, 6, 8, 9, 11]]",6.125,0.7901639344262296,3.375
19,19,"[[1, 6, 8, 10], [1, 3, 4, 5, 8, 10, 11], [3, 4, 7, 8, 9], [2, 4, 6, 7, 11], [6], [2, 7, 11], [1, 2, 3, 5, 6, 8, 11], [1, 2, 3, 4, 5, 6, 8, 9, 10, 11]]",5.25,0.922279005208145,2.125
20,20,"[[1, 3, 4, 10, 11], [1, 2, 4, 5, 6, 7, 8, 9], [1, 2, 5, 9, 10], [5, 8, 9, 10], [5, 7, 8, 9], [2, 4, 8], [1, 2, 5, 6, 9, 10, 11], [1, 3, 7, 8, 11]]",5.125,0.8366600265340755,2.75
21,21,"[[4, 5, 7, 11], [1, 3, 5, 6, 7, 9], [5, 11], [2, 5, 6, 7, 8, 9, 11], [5, 7, 8], [1, 3, 4, 5, 7, 8, 11], [4, 6, 8, 9], [3, 7, 8, 10, 11]]",4.75,0.8473561366746855,2.625
22,22,"[[1, 3, 6, 8, 9, 10, 11], [1, 4, 7, 8, 11], [4, 5, 8, 10, 11], [1, 3, 5, 7], [1, 2, 4, 7, 10, 11], [3, 4, 5, 6, 9, 10, 11], [2, 5, 9, 10], [1, 4, 5, 10, 11]]",5.375,0.8916309815169777,3.0
23,23,"[[2, 4, 5, 8], [2, 6, 8], [1, 2, 4, 8, 9, 10], [2, 3, 4, 6, 8, 10, 11], [1, 2, 4, 6, 10], [2, 4, 5, 8, 11], [1, 3, 5, 6, 7, 8, 9], [2, 3, 4, 5, 7, 8]]",5.375,0.9226737115672264,2.0
24,24,"[[1, 2, 5, 6, 7, 9], [2, 5, 6, 9, 10], [1, 3, 5, 7, 11], [3, 4, 5, 6, 7, 10], [1, 3, 4, 5, 6, 9], [2, 3, 4, 6, 9, 10], [4, 6, 7, 10], [1, 3, 4, 7, 8, 9, 11]]",5.625,0.9241848554584865,3.25
25,25,"[[1, 2, 6, 8, 9, 10, 11], [1, 3, 11], [1, 2, 4, 5, 6, 9, 10, 11], [1, 4, 5, 6, 7, 8, 11], [3, 4, 5, 7, 8, 9, 10, 11], [2, 5, 6, 7, 8], [3, 7, 11], [3, 4, 8, 11]]",5.625,0.8170571691028834,2.625
26,26,"[[2, 4, 7, 8, 9, 10, 11], [1, 3, 8], [3, 5, 6, 8, 9], [2, 3, 4, 6, 10, 11], [1, 6, 9, 11], [2, 5, 6, 8, 11], [2, 3, 8], [1, 4, 5, 6, 7, 8, 10, 11]]",5.125,0.7970167702187486,2.25
27,27,"[[5, 6, 7, 8, 9, 11], [1, 9, 10], [5, 8], [3, 4, 5, 7, 9, 10, 11], [2, 4, 7, 8], [1, 2, 3, 7, 8, 9, 11], [1, 2, 4, 5, 6, 9], [2, 5, 7, 11]]",4.875,0.8183918171270462,2.75
28,28,"[[1, 3, 4, 5, 6, 7, 9, 11], [5, 6, 9, 10], [1, 6, 7, 9, 11], [1, 3, 7, 8, 9, 10, 11], [1, 2, 4, 5, 7, 8, 10, 11], [1, 10], [3, 4, 5, 6, 7, 9, 10], [2, 3, 5, 8, 10, 11]]",5.875,0.8845789384979692,3.25
29,29,"[[1, 2, 3, 4, 7, 8, 9, 10, 11], [4, 5, 10], [3, 4, 5, 7, 10, 11], [6, 7, 8, 9, 10, 11], [1, 7, 10, 11], [4, 6, 8, 10], [1, 2, 5, 7, 8], [3, 5, 8, 11]]",5.125,0.8485552916276634,2.75
30,30,"[[1, 2, 4, 5, 7, 8, 9, 10, 11], [1, 2, 4, 9, 10], [1, 3, 6, 7, 9, 10], [2, 6, 7, 9], [1, 5, 6, 8, 9, 10], [1, 2, 6, 7, 9], [1, 2, 6, 9], [1, 5, 7, 8, 9, 11]]",5.625,0.8589844300173,3.125
31,31,"[[2, 4, 5, 10, 11], [5, 7, 8], [1, 5, 6, 9, 10], [1, 4, 6, 10, 11], [1, 2, 3, 5, 7, 8, 9, 11], [4, 6, 7, 8], [3, 4, 7, 9, 10, 11], [1, 2, 3, 5, 7, 10]]",5.25,0.8910421112136309,2.5
32,32,"[[4, 5, 7, 8, 10, 11], [1, 2, 3, 5, 6, 9], [1, 2, 3, 4, 5, 6, 7, 8, 9, 10, 11], [3, 4, 5, 8, 10, 11], [3, 8, 9], [3, 4, 5, 6, 9, 11], [1, 5, 8, 9, 10, 11], [3, 6, 8, 11]]",6.0,0.8485552916276634,3.125
33,33,"[[1, 2, 3, 5, 6, 7, 8, 11], [2, 3, 5, 7, 11], [3, 8, 10], [3, 5, 6, 9], [5, 6, 8], [1, 4, 5, 7, 9, 10, 11], [2, 4, 5, 6, 7, 8, 10], [6, 7, 9, 10]]",5.125,0.8910421112136305,2.625
34,34,"[[1, 7, 9], [1, 7, 8, 11], [1, 2, 3, 4, 5, 7, 10], [1, 2, 4, 6, 7, 8, 9, 10, 11], [1, 4, 5, 7, 10, 11], [2, 3, 4, 5, 7, 8, 9, 10], [4, 5, 9, 10], [1, 4, 7, 9, 11]]",5.75,0.8170571691028833,3.125
35,35,"[[1, 2, 4, 5, 6, 8, 9, 10, 11], [1, 3, 5, 7, 11], [1, 2, 3, 7, 8, 9, 10], [1, 2, 4, 6, 7, 8, 9, 10, 11], [3, 7, 8, 11], [3, 5, 6, 7, 10, 11], [1, 3, 4, 5, 6, 10], [3, 4, 5, 7, 9, 10, 11]]",6.625,0.9017918922945701,3.125
36,36,"[[1, 3, 4, 7, 9, 11], [1, 4, 5, 6, 8, 9, 11], [1, 2, 5, 6, 8, 9], [4, 6, 8, 10, 11], [2, 3, 8, 9, 11], [4, 7, 9, 11], [1, 2, 3, 4, 6, 9, 10], [1, 2, 3, 4, 9, 10, 11]]",5.875,0.8536930715349436,3.125
37,37,"[[1, 2, 3, 4, 9, 10, 11], [1, 2, 6, 7, 8, 9, 10, 11], [1, 4, 9, 11], [1, 4, 5, 11], [1, 3, 4, 6, 9, 10], [3, 7, 9, 10, 11], [1, 2, 3, 5, 7], [6, 7, 8, 9]]",5.375,0.7868932779785547,2.75
38,38,"[[1, 3, 4, 7, 10, 11], [1, 2, 10], [1, 2, 3, 7, 10], [3, 4, 5, 8, 9, 10, 11], [1, 3, 5, 6], [1, 7, 11], [1, 2, 4, 5, 7, 9, 11], [2, 4, 9, 11]]",4.875,0.8183918171270462,2.75
39,39,"[[1, 4, 7, 8, 9, 10], [2, 5, 6, 7, 9, 11], [1, 3, 4, 7, 8, 11], [1, 2, 6, 9, 11], [3, 4, 5, 6, 11], [2, 5, 6, 7, 11], [1, 6, 7, 8, 11], [4, 6, 8, 11]]",5.25,0.8048891932147477,2.75
40,40,"[[1, 4, 5, 7, 8, 9], [2, 3, 5, 6, 8, 9, 10], [1, 2, 4, 6, 7, 8, 9, 10], [1, 4, 7, 10, 11], [1, 2, 4, 5, 7, 8, 10, 11], [1, 3, 5, 8, 11], [1, 3, 8, 9], [3, 5]]",5.625,0.9234781632845006,2.875
41,41,"[[4, 5, 7, 9, 10, 11], [4, 5, 6, 9, 10], [1, 2, 5, 6, 10, 11], [3], [5, 9, 10], [1, 2, 3, 5, 6, 7, 10, 11], [2, 3, 10], [2, 6]]",4.25,0.737043474095502,2.5
42,42,"[[1, 2, 3, 4, 6, 7, 8, 9], [1, 5, 6, 7, 10], [1, 4, 9, 10, 11], [1, 2, 3, 6, 7, 9, 10, 11], [1, 3, 5, 9, 10], [2, 3, 4, 6, 7, 8, 9, 10, 11], [2, 3, 4, 6, 8, 9], [4, 7, 8, 9]]",6.25,0.857142857142857,2.625
43,43,"[[1, 2, 4, 8, 9, 10, 11], [1, 4, 6, 7, 8], [4, 5, 7, 9, 11], [4, 5, 6, 7, 8, 9], [1, 4, 7, 8, 10, 11], [1, 2, 3, 5, 7], [5, 8, 10], [1, 5, 6, 7, 8, 11]]",5.375,0.8759905655596164,2.75
44,44,"[[2, 3, 4, 5, 7, 8, 10], [1, 2, 7, 9, 10, 11], [1, 5, 6, 7, 9], [1, 2, 3, 5, 8, 9, 11], [1, 2, 3, 4, 5, 6, 7, 9, 10, 11], [1, 4, 5, 7, 10], [4, 6], [1, 5, 7, 8, 10, 11]]",6.0,0.8989696318872458,3.0
45,45,"[[2, 4, 7, 9, 10, 11], [4, 8, 10], [1, 2, 3, 7, 8, 10, 11], [3, 5, 6, 7, 9, 11], [3, 4, 5, 7, 8, 9], [1, 2, 3, 5, 7, 8, 10], [1, 7, 8, 10, 11], [3, 6, 9, 10, 11]]",5.625,0.8536930715349436,2.625
46,46,"[[1, 2, 5, 6, 7, 9, 11], [2, 5, 6, 7, 8], [1, 2], [1, 4, 7, 8, 9, 10], [1, 2, 4, 6, 7], [2, 9, 10, 11], [1, 3, 4, 5, 7, 8, 10, 11], [1, 2, 4, 6, 7, 8, 9, 10]]",5.625,0.8101056637505245,2.625
47,47,"[[1, 2, 4, 5, 10, 11], [3, 4, 5, 7, 8, 11], [1, 2, 3, 5, 6, 9], [3, 4, 7, 10], [5, 8], [1, 2, 8, 10], [2, 3, 4, 5, 6, 7, 9, 11], [1, 2, 3, 4, 6, 7]]",5.25,0.9372403389139511,2.625
48,48,"[[3, 9], [3, 4, 6, 9, 10, 11], [1, 2, 5, 7, 8, 10], [3, 5, 6, 7, 8, 11], [1, 5, 6, 8, 11], [2, 4, 5, 6, 7, 10, 11], [1, 3, 7, 10], [1, 2, 3, 4, 5, 7, 11]]",5.375,0.926915097316435,2.625
49,49,"[[1, 2, 4, 9, 10], [7, 8, 11], [2, 4, 5, 6, 8], [2, 3, 4, 6, 10, 11], [2, 3, 4, 6, 7, 8, 11], [3, 4, 10], [1, 5, 6, 8], [1, 2, 4, 6]]",4.625,0.748753116344687,2.125
50,50,"[[1, 2, 3, 5, 7, 8, 9, 10, 11], [2, 4, 6, 7, 11], [1, 4, 5, 7, 8, 11], [3, 5, 6, 9], [4, 5, 6, 9, 10], [2, 3, 4, 5, 6, 9, 10, 11], [2, 4, 5, 9, 10], [1, 3, 4, 5, 6, 9]]",6.0,0.9347826086956522,3.375
51,51,"[[1, 2, 5, 7, 9], [4, 5, 7, 8, 10, 11], [1, 2, 4, 5, 6, 7, 8, 9, 11], [2, 4, 5, 8, 9, 11], [1, 3, 8, 11], [3, 4, 6], [1, 3, 6, 7, 8, 9, 10], [1, 7, 8, 9, 10]]",5.625,0.8357661056711406,2.875
52,52,"[[3, 5, 9, 10, 11], [3, 4, 6, 7, 8, 9], [2, 4, 8], [1, 3, 6, 9, 10, 11], [1, 2, 3, 5, 8, 9, 10], [3, 4, 5, 10, 11], [5, 6, 7, 8, 9, 11], [3, 6]]",5.0,0.8812373986903524,2.375
53,53,"[[3, 4, 7, 9], [4, 7, 8], [2, 3, 5, 9, 11], [1, 3, 4, 7, 8, 9, 11], [2, 3, 4, 5, 6, 9, 11], [1, 2, 3, 4, 5, 6, 7, 9], [2, 6, 10], [1, 2, 3, 5, 6, 10]]",5.375,0.8461538461538461,2.625
54,54,"[[1, 2, 5, 7, 9], [1, 3, 6, 7, 11], [1, 2, 4, 5, 6, 9, 10], [1, 2, 4, 6, 8, 9, 10], [2, 5, 6, 8, 9, 10], [2, 3, 4, 5, 7, 8, 9], [1, 2, 4, 5, 6, 8, 9, 11], [2, 3, 5, 7, 10]]",6.25,0.9386522045811475,3.25
55,55,"[[1, 3, 7, 8, 10], [1, 2, 6, 10], [2, 4, 6, 8], [1, 4, 5, 11], [1, 4, 8, 9, 11], [1, 2, 4, 7, 8], [1, 4, 5, 7, 9, 10], [7, 8, 10]]",4.5,0.8708670578426748,2.25
56,56,"[[1, 3, 5, 7, 8, 9, 10, 11], [2, 5, 6, 7, 8, 10], [1, 4, 6, 9, 10, 11], [1, 4, 6, 8], [1, 2, 4, 5, 7, 8, 11], [4, 5, 7, 9, 10], [1, 3, 4, 5, 6, 7, 10, 11], [2, 4, 6, 9, 11]]",6.125,0.9370614600819801,3.125
57,57,"[[1, 3, 6, 7, 8, 9, 10], [1, 2, 4, 5, 7, 8], [1, 7, 9, 10], [2, 5, 6, 8, 9, 10, 11], [1, 2, 3, 5, 6, 8, 9], [2, 7], [1, 4, 5, 7, 8, 10, 11], [1, 4, 5, 6, 7, 8, 10]]",5.875,0.8594230963896994,2.875
58,58,"[[4, 8], [2, 3, 4, 5, 6, 7, 8, 10, 11], [2, 4, 6, 7, 9, 11], [3, 5, 11], [1, 2, 3], [1, 3, 7, 8, 9, 11], [1, 3, 5, 8, 9], [1, 3, 6, 9, 10]]",4.875,0.9607689228305226,2.625
59,59,"[[5, 9, 10, 11], [3, 4, 5, 7, 9, 11], [1, 4, 6, 7, 9, 10, 11], [1, 4, 6, 7, 9, 10, 11], [8, 9], [4, 10], [3, 4, 5, 10, 11], [1, 3, 6, 8, 10, 11]]",4.875,0.7541603210059575,2.75
60,60,"[[1, 2, 3, 6], [1, 4, 5, 7, 8], [1, 8, 11], [1, 5, 7, 8, 10, 11], [1, 2, 3, 5, 6, 7, 8, 9], [2, 4, 8], [1, 3, 4, 5, 7, 8, 10], [1, 4, 5, 6, 8, 9, 11]]",5.375,0.8473561366746857,2.625
61,61,"[[3, 5, 7, 8, 9, 11], [5, 7], [1, 3, 4, 6, 7, 9], [2, 5, 7, 9], [2, 3, 7, 9, 11], [2, 3, 6, 7, 8, 10], [2, 4, 5, 6, 7, 8, 9, 11], [4, 5, 6, 7, 10]]",5.25,0.9061882438003236,2.75
62,62,"[[1, 2, 3, 5, 8, 11], [1, 3, 4, 5, 9, 10, 11], [3, 5, 8], [1, 3, 4, 5, 6, 7, 9, 10], [1, 4, 6, 7, 8, 9, 11], [4, 7, 9, 10], [2, 3, 4, 9], [1, 2, 5, 8, 9, 11]]",5.625,0.8104408984731077,2.875
63,63,"[[4, 5, 7, 9, 10], [3, 6, 7, 8, 10, 11], [1, 2, 4, 6, 7, 10, 11], [1, 2, 5, 7, 8, 10], [1, 4, 5, 7, 9, 10, 11], [1, 2, 6, 7, 8, 11], [1, 2, 3, 4, 5, 6], [1, 5, 7, 11]]",5.875,0.924678098474716,2.875
64,64,"[[1, 3, 7, 8, 9, 10], [1, 2, 3, 6, 9, 10, 11], [2, 4, 7, 8, 10, 11], [1, 2, 3, 4, 5, 6, 7, 9], [1, 3, 4, 5, 7, 8, 10], [2, 6, 8], [3, 4, 6, 7, 8, 9], [2, 3, 4, 8, 11]]",6.0,0.869900180781068,2.25
65,65,"[[1, 2, 3, 4, 8, 9, 10], [1, 6, 9, 10], [1, 3, 4, 9], [1, 3, 4, 5, 6, 7, 8, 10, 11], [1, 3, 4, 6, 7, 8, 10, 11], [1, 3, 4, 5, 8, 9, 10], [1, 2, 5, 6, 7, 9, 11], [1, 2, 3, 4, 5, 7, 9, 11]]",6.75,0.836071944970257,3.25
66,66,"[[5, 7, 9, 10], [2, 4, 6, 7, 8, 9, 10, 11], [1, 2, 3, 4, 6, 7, 9], [1, 2, 6, 10, 11], [1, 3, 4, 5, 6, 8, 9, 11], [2, 3, 4, 7, 8, 11], [1, 2, 3, 4, 6, 10], [1, 2, 5, 7, 8, 10, 11]]",6.375,0.8923696147963381,2.875
67,67,"[[1, 3, 4, 8, 10], [1, 2, 6, 7, 8, 9], [1, 2, 4, 6, 8], [1, 3, 8, 9, 10], [1, 2, 3, 5, 7, 8, 9, 10, 11], [3, 4], [1, 2, 3, 4, 5, 7, 9, 10], [2, 5, 6, 9, 10, 11]]",5.75,0.9000441664740568,2.75
68,68,"[[1, 5, 6, 9], [1, 2, 4, 6, 9], [1, 2, 3, 4, 5, 6, 7, 8, 9, 10, 11], [4, 9, 10, 11], [1, 2, 3, 4, 5, 6, 8, 10], [1, 2, 7, 8], [1, 6, 11], [8, 10, 11]]",5.25,0.8242593896780958,2.875
69,69,"[[2, 8, 10, 11], [1, 4, 7, 8, 10, 11], [3, 4, 5, 6, 8, 9, 11], [1, 2, 3, 5, 7, 9, 10], [2, 3, 4, 5, 8, 10], [1, 5, 6, 8, 9, 10], [1, 2, 3, 5, 7, 8, 9], [2, 4, 5, 8]]",5.875,0.8594230963896994,3.0
70,70,"[[1, 3, 4, 8], [6, 7, 8, 10], [3, 4, 8, 11], [1, 2, 3, 5, 7, 8, 9, 10], [1, 3, 10], [1, 2, 3, 6, 7, 9, 11], [2, 4, 5, 7, 8, 9, 10, 11], [3, 5, 6, 8, 9, 10, 11]]",5.625,0.8773384834252591,2.875
71,71,"[[2, 3, 4, 5, 7, 8, 9, 11], [2, 4, 5, 11], [1, 2, 3, 8, 10, 11], [2, 3, 8, 9, 10], [1, 4, 6, 8, 9, 10], [2, 3, 5, 8, 9, 10], [1, 2, 3, 4, 7, 10, 11], [1, 3, 4, 5, 8, 10, 11]]",6.125,0.8332432383729821,3.0
72,72,"[[2, 5, 7, 9, 11], [4, 6, 8, 9, 11], [2, 5, 6, 7, 8, 9, 10, 11], [1, 2, 3, 4, 5, 6, 8, 9], [1, 4, 6, 7, 10, 11], [1, 5, 6, 8, 9, 10, 11], [2, 4, 6, 7, 8, 11], [4, 5, 7, 8, 11]]",6.25,0.9086260917288513,3.25
73,73,"[[1, 3, 5, 7, 8, 9, 10, 11], [1, 3, 4, 10, 11], [1, 5, 6, 7, 9, 10, 11], [2, 3, 5, 6, 10, 11], [2, 3, 5, 6, 7, 9], [2, 3, 5, 7, 8], [1, 3, 4, 5, 8], [3, 5, 6, 7]]",5.75,0.8819171036881969,2.5
74,74,"[[2, 3, 7, 8, 11], [3, 5, 7, 9], [4, 5, 8, 9, 10, 11], [5, 6, 7, 10], [2, 3, 4, 8, 9], [2, 3, 4, 6, 7, 10], [1, 2, 5, 6, 7, 8, 10, 11], [1, 6, 11]]",5.125,0.8910421112136306,2.375
75,75,"[[1, 3, 5, 6, 7, 8, 10, 11], [1, 2, 4, 5, 7, 8, 9, 11], [1, 2, 4, 5, 6, 7, 9], [1, 2, 5, 6, 8, 10], [3, 4, 5, 6, 9, 10], [6, 7, 8, 10, 11], [3, 4, 5, 7, 8, 11], [1, 2, 3, 4, 5, 6, 7, 9, 11]]",6.875,0.9357010637413508,3.375
76,76,"[[1, 5, 6], [1, 2, 3, 4, 5, 8, 11], [1, 5, 6, 11], [1, 6, 7, 8, 9, 11], [1, 2, 6, 9, 10, 11], [2, 3, 4, 7, 10, 11], [1, 11], [4, 5, 6, 8, 9, 10, 11]]",5.125,0.7857142857142857,2.875
77,77,"[[1, 2, 3, 4, 8, 10, 11], [3, 4, 6, 8, 9, 11], [1, 3, 5, 7, 9, 11], [1, 3, 4, 6, 7, 9, 10], [1, 2, 3, 4, 7, 9, 10, 11], [4, 6, 8, 9, 10], [1, 4, 8, 11], [4, 7, 10]]",5.75,0.8759905655596163,2.75
78,78,"[[2, 5, 6, 8, 9, 10], [1, 3, 4, 5, 8, 9, 10, 11], [1, 2, 3, 4, 5, 7, 9, 11], [1, 2, 3, 5, 7, 8, 11], [1, 8, 11], [2, 8, 9, 10], [1, 2, 3, 4, 6, 7, 9], [1, 3, 5, 9, 10]]",6.0,0.8281899646285994,3.375
79,79,"[[3, 7, 10, 11], [2, 6, 7, 10], [2, 4, 5, 7, 8, 9, 11], [1, 7, 10], [1, 6, 8, 9, 11], [1, 3, 5, 8, 9, 10, 11], [2, 3, 6, 9, 10], [3, 4, 7, 8, 10, 11]]",5.125,0.8910421112136304,2.75
80,80,"[[1, 3, 7, 11], [1, 6, 8, 9, 10], [1, 2, 3, 4, 5, 9, 10, 11], [2, 5, 8, 10, 11], [2, 3, 4, 7], [1, 2, 3, 7, 9, 10], [1, 2, 3, 4, 6, 8, 9, 10, 11], [1, 2, 3, 4, 6, 9, 11]]",6.0,0.823754471047914,2.625
81,81,"[[1, 2, 5, 7, 8, 9], [1, 2, 3, 4, 5, 10], [4, 6, 7, 9, 11], [3, 8, 10, 11], [2, 5, 6, 10], [4, 7, 8, 9, 10, 11], [1, 2, 3, 4, 5], [1, 2, 3, 4, 5, 7, 8, 9, 10, 11]]",5.75,0.8545948159874522,3.125
82,82,"[[3, 4, 5, 6], [1, 3, 4, 11], [1, 3, 7, 8, 9, 11], [1, 2, 4, 6, 7, 8, 9, 10, 11], [2, 3, 4, 8, 9, 11], [1, 5, 6, 8, 9, 10], [1, 5, 7, 10, 11], [4, 6, 9]]",5.375,0.8292537822789129,2.5
83,83,"[[1, 2, 4, 5, 7, 9, 10], [2, 4, 9, 11], [1, 5, 7, 8, 9, 10, 11], [1, 5, 9, 11], [1, 2, 4, 7, 9, 10], [1, 2, 3, 4, 5, 6, 9, 10, 11], [1, 2, 8, 9, 11], [1, 2, 4, 5, 8, 11]]",6.0,0.8839916156110239,3.5
84,84,"[[2, 4, 5, 6, 7, 10], [5, 8, 9], [2, 3, 6, 7, 8, 10], [1, 3, 5, 6, 8, 10, 11], [1, 2, 3, 5, 6, 7, 9], [2, 3, 6, 7, 8, 9, 10], [3, 5, 7, 8, 11], [4, 5, 6, 9, 10, 11]]",5.875,0.8461538461538461,3.0
85,85,"[[1, 4, 5, 6, 9, 10], [2, 5, 6, 7, 9, 11], [4, 6, 9, 10, 11], [1, 3, 7, 9], [2, 3, 4, 5, 7, 9, 10, 11], [1, 2, 3, 5, 7, 8, 9, 11], [1, 6, 7, 8, 9], [3, 4, 6, 7, 10, 11]]",6.0,0.8465914174404888,3.375
86,86,"[[3, 6, 7, 8, 9, 11], [1, 5, 6, 9], [1, 2, 3, 4, 8, 9], [2, 3, 5, 7, 8, 9], [2, 3, 6, 8, 9], [1, 2, 4, 6, 8, 9, 10], [3, 4, 5, 6, 7, 8, 10], [1, 4, 7]]",5.5,0.8859719163490115,2.625
87,87,"[[2, 3, 5, 7, 9, 11], [2, 3, 5, 7, 10, 11], [2, 3, 4, 6, 11], [2, 6, 8, 9], [1, 3, 5, 6, 7, 8, 10], [2, 3, 4, 6], [1, 5, 6, 8, 9], [1, 2, 4, 6, 7, 8, 10, 11]]",5.625,0.837905846916065,2.375
88,88,"[[2, 4, 5, 8, 9, 10], [1, 2, 3, 5, 6, 8, 9, 10], [1, 2, 4, 6, 8, 9, 11], [3, 7, 10], [1, 6, 7, 10, 11], [7, 10], [1, 2, 3, 6, 7, 8, 11], [1, 8, 9, 11]]",5.25,0.8159825761044035,2.75
89,89,"[[1, 2, 3, 5, 6, 8, 10, 11], [1, 5, 6, 8, 10], [2, 5, 9], [1, 2, 4, 5, 6, 7, 8, 10], [5, 6, 7, 10, 11], [1, 2, 3, 4, 5, 6, 9, 10], [1, 2, 3, 5, 6, 7, 11], [2, 3, 4, 6, 11]]",6.125,0.8895240275279074,2.875
90,90,"[[1, 4, 5, 10], [2, 3, 5, 6, 7, 8], [1, 3, 4, 6, 9], [1, 2, 6, 10], [2, 3, 5, 6, 7, 8, 9], [1, 2, 4, 5, 7], [1, 6, 9], [2, 4, 8, 9, 11]]",4.875,0.8884585531036832,2.5
91,91,"[[1, 3, 6, 10, 11], [1, 2, 3, 4, 5, 8], [2, 3, 6, 7, 9, 11], [4, 5, 8, 9, 11], [2, 5, 7, 8, 9], [1, 4, 6, 9, 10, 11], [2, 3, 4, 5, 6, 7, 11], [2, 4, 7, 8, 10, 11]]",5.75,0.912529081193227,2.75
92,92,"[[3, 4, 7, 8, 10, 11], [4, 5, 10, 11], [2, 3, 4, 6, 8, 11], [1, 2, 3, 4, 9, 10, 11], [1, 11], [2, 3, 4, 6], [2, 3, 8, 10], [1, 6, 7]]",4.5,0.7419354838709679,2.0
93,93,"[[1, 6, 8, 9, 10, 11], [1, 3, 5, 8, 9, 10, 11], [4, 9, 10, 11], [2, 4, 5, 6, 8], [2, 7, 10], [4, 5, 7, 11], [1, 2, 6, 7, 8, 9, 11], [1, 2, 4, 8, 9, 11]]",5.25,0.7792280807306038,2.75
94,94,"[[1, 5, 6, 8, 9, 10, 11], [1, 4, 11], [2, 3, 4, 5, 6, 7, 11], [3, 4, 5, 6, 7, 9, 10, 11], [1, 2, 3, 6, 8, 9, 11], [1, 3, 9, 10, 11], [1, 2, 4, 7, 8, 9, 10, 11], [1, 2, 3, 6, 8, 11]]",6.375,0.8470243628419076,3.0
95,95,"[[2, 3, 4, 7], [1, 3, 4, 5, 6, 7, 9], [2, 3, 4, 7, 8], [2, 3, 4, 6, 8, 10, 11], [3, 4, 7, 9], [1, 3, 4, 8, 11], [1, 4, 5, 7, 8, 9, 10], [3, 6, 7, 9, 11]]",5.5,0.9035079029052513,2.0
96,96,"[[1, 6, 10], [2, 5, 9, 11], [1, 3, 7, 8, 10], [1, 2, 6, 7, 8, 10, 11], [1, 4, 5, 9, 10], [2, 4, 8, 11], [1, 2, 3, 4, 6], [1, 2, 3, 6, 8]]",4.75,0.9085704723432682,2.5
97,97,"[[2, 5, 7, 10, 11], [1, 2, 3, 7, 8], [2, 4, 5, 6, 8, 11], [1, 2, 4, 5, 9], [2, 8, 9, 10], [1, 2, 7, 8, 10], [1, 6, 8, 9, 10], [1, 3, 8, 9, 11]]",5.0,0.7317676345451074,2.875
98,98,"[[2, 3, 4, 5, 6, 7, 8, 10], [1, 4, 5, 7, 8, 9, 10], [1, 5, 6, 7, 10], [2, 3, 4, 5, 7, 8, 10], [1, 2, 3, 5, 6], [1, 2, 3, 8, 9, 10], [2, 5, 6, 8, 10, 11], [1, 2, 4, 5, 6, 9]]",6.25,0.8717975214564098,3.25
99,99,"[[2, 4, 5, 6, 7, 8, 10], [2, 6, 7, 10, 11], [2, 4, 5, 6, 7, 9, 10], [3, 5, 6, 7, 8], [2, 4, 6, 7, 11], [1, 3, 4, 5, 6, 10, 11], [1, 4, 6, 11], [2, 4, 5, 7, 9, 10, 11]]",5.875,0.9308972381106008,2.625
100,100,"[[1, 2, 3, 4, 6, 8, 10], [1, 3, 6, 8, 11], [2, 7, 9], [1, 4, 6, 8, 9, 11], [1, 2, 3, 5, 6, 8, 9, 11], [1, 5, 6, 7], [2, 3, 4, 7], [1, 2, 5, 6, 10]]",5.25,0.8214005083884006,2.25
101,101,"[[3, 4, 6, 8], [1, 2, 4, 5, 6, 7, 8], [1, 3, 4, 6, 7, 9, 11], [1, 4, 9, 11], [3, 4, 7, 8, 10], [1, 5, 6, 7, 8, 10, 11], [1, 2, 5, 6, 7, 8, 9, 10], [3, 6, 7, 8, 11]]",5.875,0.871695457833102,2.5
102,102,"[[1, 4, 5, 6, 8, 10, 11], [2, 3, 8, 11], [1, 2, 4, 7, 8, 9, 10], [2, 4, 5, 6, 8], [1, 2, 5, 6, 7, 10], [5, 6, 7, 8, 9, 11], [1, 2, 3, 4, 7, 9, 11], [1, 10, 11]]",5.625,0.6966268044252556,2.625
103,103,"[[5, 6, 10], [4, 5, 6, 7], [1, 5, 9, 10], [1, 3, 4, 6, 7, 8, 9, 10], [2, 3, 6, 9, 11], [1, 3, 5, 6, 8, 9, 11], [5, 6, 8, 9, 10], [1, 4, 5, 6, 9]]",5.125,0.8170571691028834,3.25
104,104,"[[1, 9, 10, 11], [6, 9, 10], [1, 3, 5, 9], [1, 3, 4, 5, 6, 7, 8, 9, 10, 11], [2, 4, 5, 6, 7, 10, 11], [2, 4, 5, 7, 8, 9, 10], [3, 4, 7, 8, 9, 10, 11], [1, 2, 3, 5, 7, 8, 10]]",6.125,0.800184953008402,3.375
105,105,"[[1, 3, 4, 5, 6, 9, 10], [1, 3, 5, 7, 8, 10], [1, 2, 3, 4, 5, 7, 9, 10, 11], [1, 3, 5, 6, 7, 9, 10, 11], [2, 3, 4, 7, 8], [1, 2, 3, 4, 6, 7, 10], [3, 4, 10, 11], [2, 4, 7, 8, 11]]",6.375,0.8693182879212226,2.625
106,106,"[[1, 3, 5, 6, 7], [1, 2, 3, 4, 5, 9], [1, 2, 5, 6, 7, 9, 10], [1, 2, 3, 4, 5, 6], [2, 3, 6, 8, 9, 10, 11], [2, 4, 6], [1, 2, 3, 5, 9, 10], [2, 3, 4, 5, 7, 9, 10, 11]]",6.0,0.8863184218031273,3.125
107,107,"[[2, 3, 4, 7], [2, 3, 6, 7, 8, 9, 11], [1, 2, 3, 4, 6, 10], [3, 5, 8], [2, 9], [2, 7, 9, 11], [3, 4, 7, 8, 10], [2, 5, 6, 7, 8, 9, 10, 11]]",4.875,0.857142857142857,2.0
108,108,"[[5, 6, 8, 11], [2, 5, 11], [1, 3, 4, 6, 7, 10], [2, 3, 6, 7, 9], [7, 8, 11], [5, 6, 7, 9], [1, 2, 5, 8, 10, 11], [1, 2, 4, 7, 8, 9, 11]]",4.75,0.8910421112136306,2.375
109,109,"[[1, 3, 4, 7, 8, 9, 11], [1, 2, 5, 6, 7], [1, 2, 4, 6, 9, 10, 11], [3, 4, 5], [1, 3, 4, 7, 8, 9, 10, 11], [1, 2, 3, 4, 8, 9, 10, 11], [1, 2, 3, 4, 5, 7, 10], [1, 2, 3, 5, 6]]",6.25,0.8722299671063241,2.75
110,110,"[[1, 3, 4, 7, 10], [1, 6, 8, 9, 10, 11], [4, 7, 9, 10], [1, 2, 3, 4, 9, 11], [1, 4, 5, 8, 11], [4, 5, 6, 7, 10], [6, 7, 8, 11], [1, 3, 4, 5, 9, 11]]",5.125,0.8050529309059318,2.875
111,111,"[[3, 5, 7, 8], [3, 8, 9, 11], [1, 2, 4, 5, 6, 7, 10, 11], [4, 5, 6, 9, 11], [1, 5, 7, 9], [2, 3, 4, 6, 7, 8], [2, 3, 4, 5, 7, 9], [2, 3, 4, 5, 8, 9, 10, 11]]",5.625,0.8614145015460283,2.625
112,112,"[[3, 5, 9, 10], [2, 4, 5, 6, 7, 9], [3, 8, 9, 11], [1, 2, 4, 7, 9, 10], [2, 3, 6, 7, 8, 9, 11], [1, 4, 5, 7], [2, 4, 5, 8, 9], [1, 2, 4, 5, 6, 8, 10, 11]]",5.5,0.8699229941545524,2.875
113,113,"[[1, 2, 5, 7, 9, 10], [1, 3, 4, 6, 10, 11], [9, 11], [1, 2, 3, 6, 7, 9, 10], [2, 3, 4, 6, 9, 11], [1, 3, 5, 7, 8, 10, 11], [2, 4, 8, 9, 11], [2, 4, 6, 8, 9, 10, 11]]",5.75,0.9200812116142216,3.0
114,114,"[[2, 3, 4, 5, 6, 7, 10, 11], [1, 2, 3, 4, 7, 8, 9, 11], [1, 4, 7, 9, 11], [2, 3, 5, 8, 10, 11], [4, 6, 7, 8, 10], [2, 5, 6, 7, 8, 9, 10], [1, 3, 4, 5, 6, 7, 10], [1, 3, 4, 5, 8, 9, 10, 11]]",6.75,0.9342105263157896,3.125
115,115,"[[1, 3, 4, 5, 7, 9, 10], [1, 3, 7, 8], [2, 3, 4, 6, 7, 10], [3, 4, 5, 7, 9, 10, 11], [3, 4, 6, 7, 11], [1, 8, 11], [6, 7, 9], [1, 2, 7, 9]]",4.875,0.8284941842352037,2.5
116,116,"[[1, 9, 10, 11], [2, 6, 7, 8, 9, 10], [2, 7, 8, 11], [4, 9, 10], [4, 6, 8, 9], [1, 2, 4, 8], [6, 7, 11], [3, 4, 5, 6, 8, 11]]",4.25,0.7239679334623838,2.375
117,117,"[[1, 2, 3, 4, 5, 6, 7, 8], [1, 3, 7, 8, 11], [1, 4, 5, 7, 8], [1, 2, 6, 7, 9, 11], [1, 3, 5, 9, 11], [1, 3, 5, 6, 7, 8, 10], [1, 3, 4, 5, 6, 7, 8, 10, 11], [3, 5, 6, 8, 10, 11]]",6.375,0.9421683286017897,3.0
118,118,"[[2, 3, 4, 7, 10], [1, 5, 9, 11], [1, 4, 5, 8, 11], [5, 6, 7, 10], [3, 5, 6, 7, 11], [3, 6, 8, 9, 10], [1, 2, 3, 4, 5, 6, 11], [2, 3, 6, 8, 11]]",5.0,0.8748177652797064,2.875
119,119,"[[2, 3, 5, 6, 8, 9, 11], [3, 4, 5, 7, 9, 10, 11], [2, 3, 7, 9, 10], [1, 2, 3, 5, 6, 8, 11], [1, 2, 4, 6, 9, 11], [1, 3, 4, 7, 8, 9, 10], [7, 9], [1, 3, 4, 5, 6, 11]]",5.875,0.8973399646263192,3.0
120,120,"[[1, 4, 5, 6, 9], [1, 3, 4, 6, 7, 8, 9, 11], [1, 3, 5, 6, 7, 8, 9], [1, 4, 9, 10, 11], [1, 2, 5, 6, 7, 10], [2, 3, 5, 8, 10], [3, 6, 9, 10, 11], [2, 6, 7, 11]]",5.625,0.9090648228942843,3.125
121,121,"[[1, 2, 3, 4, 5, 7, 9, 10, 11], [1, 4, 5, 6, 7, 9], [1, 2, 4, 5, 9, 10, 11], [1, 2, 5, 10], [1, 2, 3, 4, 5, 6, 8, 9, 11], [3, 5, 7, 8, 9, 10, 11], [4, 7, 9], [4, 5, 7, 9, 10]]",6.25,0.8399639031533337,3.5
122,122,"[[2, 3, 4, 6, 7, 8, 11], [3, 5, 6, 9], [5, 6, 7, 8, 10, 11], [1, 4, 5, 10], [2, 3, 4, 5, 6, 10], [3, 5, 9, 11], [2, 4, 6, 7, 9, 10, 11], [3, 6, 7, 8, 10, 11]]",5.5,0.9072647087265546,2.75
123,123,"[[2, 4, 5, 6, 7, 8, 9, 10, 11], [2, 3, 9, 10], [1, 5, 7, 11], [1, 4, 6, 10, 11], [1, 3, 4, 5, 6, 8, 9, 10], [1, 2, 3, 4, 5, 8, 11], [2, 3, 4, 5, 7, 8, 9], [1, 3, 4, 5, 7, 10, 11]]",6.375,0.9021342216356466,3.0
124,124,"[[1, 5, 10], [1, 2, 8, 11], [1, 2, 3, 6, 7, 8, 11], [1, 4, 6, 9, 10, 11], [1, 4, 5, 6, 7, 11], [1, 2, 4, 5, 6, 9, 10], [4, 6, 7, 9, 10, 11], [1, 3, 4, 6, 7, 8, 9, 10, 11]]",6.0,0.8687107603185124,2.875
125,125,"[[1, 2, 4, 6, 9, 11], [1, 3, 4, 7, 9, 11], [1, 2, 3, 5, 7, 9], [4, 7, 9, 10, 11], [3, 5, 6, 8, 10, 11], [1, 2, 3, 4, 6, 8, 9, 11], [3, 4, 7, 8, 9, 10], [3, 4, 5, 6, 7, 9, 10]]",6.25,0.9127891636747165,3.25
126,126,"[[1, 5, 6, 7, 8], [1, 4, 5, 7], [1, 4, 7, 8, 9, 10, 11], [1, 2, 4, 5, 8, 9, 11], [1, 4, 5, 7, 8, 11], [2, 3, 7, 8, 10], [4, 9, 11], [2, 6, 7]]",5.0,0.7857142857142857,2.625
127,127,"[[2, 4, 5, 6, 8, 9, 10], [1, 5, 7, 8, 11], [2, 3, 4, 5, 6, 7, 10, 11], [6, 8, 9], [1, 2, 3, 5, 8, 10, 11], [1, 2, 3, 4, 6, 7, 9], [5, 6, 10, 11], [1, 3, 5]]",5.5,0.8660254037844386,2.875
128,128,"[[2, 5, 6, 8], [1, 4, 5, 7, 8, 11], [3, 4, 6, 8, 11], [2, 3, 6, 7, 8], [4, 6, 7, 10], [2, 3, 4, 5, 8, 10], [2, 3, 5], [1, 2, 3, 5, 7, 9, 11]]",5.0,0.8910421112136305,2.0
129,129,"[[2, 5, 7, 11], [1, 2, 5, 10, 11], [1, 3, 4, 5, 6, 9, 10, 11], [1, 4, 5, 6, 7, 8], [1, 4, 7, 8, 9, 10], [2, 3, 5, 7, 9, 10], [1, 2, 6, 9], [2, 4, 5, 8, 10]]",5.5,0.8765230646861663,3.25
130,130,"[[1, 3, 5, 9, 11], [1, 3, 6, 8, 9, 10], [1, 2, 5, 8, 9, 10], [1, 4, 5, 7, 8, 10], [3, 5, 6, 9, 11], [1, 2, 3, 7, 9, 10], [1, 5, 9, 11], [1, 4, 8, 11]]",5.25,0.871695457833102,3.375
131,131,"[[2, 3, 5, 6, 10, 11], [2, 5, 8, 10, 11], [5, 7, 8, 9], [1, 6, 10, 11], [1, 2, 6, 8, 9], [1, 4, 5, 6, 10], [4, 6, 8, 9], [1, 2, 3, 4, 6, 7, 9]]",5.0,0.8964427126847628,2.5
132,132,"[[1, 3, 6, 8, 10], [1, 9, 11], [1, 3, 6, 7, 8, 9, 10], [1, 2, 5, 6, 9], [5], [1, 3, 4, 7, 8, 10, 11], [1, 3, 4, 7, 8, 9, 10, 11], [2, 4, 6, 7, 8, 9]]",5.25,0.8170571691028833,2.375
133,133,"[[11], [2, 5, 6, 8, 9], [1, 2, 3, 4, 6, 9, 10], [4, 7, 8, 10, 11], [1, 3, 5, 6, 7, 8, 10], [2, 4, 8, 10, 11], [1, 8, 10, 11], [3, 6, 8, 9, 10]]",4.875,0.8907539631968074,2.375
134,134,"[[1, 2, 5, 6, 8, 11], [1, 3, 6, 7, 9, 10], [1, 2, 3, 5, 8, 10], [3, 5, 7, 8, 9, 10, 11], [5, 6, 8, 11], [1, 2, 3, 5, 6, 7], [3, 5, 6, 8, 9, 10, 11], [1, 2, 4, 7, 8]]",5.875,0.9303234052312728,3.125
135,135,"[[3, 5, 6, 7, 8, 9, 10], [1, 2, 4, 6, 7, 8, 10, 11], [2, 3, 4, 5, 6, 7, 10], [2, 6, 7, 8, 10, 11], [2, 3, 5, 6, 10], [2, 3, 4, 5, 6, 10], [4, 5, 6, 7, 8, 9, 10], [4, 5, 7, 10, 11]]",6.375,0.8827348295047494,3.0
136,136,"[[6, 9, 10, 11], [2, 5, 7], [2, 4, 6, 7], [1, 2, 3, 4, 6, 7, 11], [2, 3, 6, 11], [3, 4, 6, 9, 11], [1, 2, 3, 4, 9, 11], [1, 2, 4, 6]]",4.625,0.8399639031533339,2.0
137,137,"[[4, 7, 8, 9], [1, 2, 5, 6, 8, 10], [1, 3, 4, 5, 7, 8, 11], [3, 4, 5, 7, 8, 9], [2, 3, 4, 7, 10, 11], [2, 3, 4, 6, 7, 8, 9, 11], [3, 4, 5, 8, 9, 11], [5, 6, 8, 9, 10]]",6.0,0.857142857142857,2.75
138,138,"[[1, 2, 4, 5, 7, 8, 9, 10, 11], [1, 2, 7, 9, 10], [1, 2, 4, 6, 7, 10], [2, 6, 7, 9, 11], [1, 2, 3, 5, 6, 8, 9, 11], [1, 2, 3, 4, 5, 6, 7, 9], [2, 3, 4, 5, 6, 7, 10, 11], [5, 6, 7, 10]]",6.625,0.8910421112136306,3.25
139,139,"[[1, 3, 6, 7, 8], [2, 3, 4, 5, 6, 7, 8, 11], [5, 6, 7, 8], [1, 8, 9, 10], [3, 4, 5, 6, 8, 9], [1, 6, 7, 9, 10], [2, 5, 8, 9, 11], [1, 2, 3, 5, 10]]",5.25,0.8081034438616451,2.625
140,140,"[[1, 3, 5, 7, 8, 11], [2, 6, 11], [2, 4, 5, 6, 7, 8], [1, 3, 4, 5, 7, 10], [2, 3, 5, 6, 7, 8], [9, 10, 11], [1, 2, 3, 9, 10, 11], [3, 4, 7, 9, 10]]",5.125,0.9050966799187808,2.375
141,141,"[[2, 4, 5, 6, 9, 10, 11], [2, 4, 5, 6, 7, 8, 10, 11], [1, 3, 4, 5, 7, 8, 10, 11], [1, 5, 7, 8, 11], [1, 2, 4, 7, 9, 11], [1, 3, 4, 5, 7, 8, 9], [3, 6, 7, 9, 10, 11], [1, 4, 5, 6, 8]]",6.5,0.9366578681461607,3.25
142,142,"[[2, 8], [1, 2, 7, 8], [1, 6, 9], [1, 4, 8], [3, 6, 8, 11], [1, 9], [1, 5, 6, 11], [3, 4, 5, 6, 8, 9, 10]]",3.625,0.8653910162294132,2.375
143,143,"[[3, 4, 6, 9, 10], [5, 6, 7, 8, 10, 11], [4, 5, 6, 7, 8, 9, 11], [1, 2, 3, 6, 8, 10], [1, 2, 4, 6, 8, 9, 10, 11], [1, 3, 4, 5, 8, 9], [1, 2, 5, 6, 8, 10, 11], [3, 4, 5, 7, 10, 11]]",6.375,0.9374602115346337,3.125
144,144,"[[4, 7, 10, 11], [3, 5, 6, 8, 10, 11], [2, 3, 6, 8, 9], [1, 2, 3, 5, 7, 9, 10], [6, 7], [1, 2, 4, 5, 6, 7, 10, 11], [2, 3, 5, 7, 8, 9, 10], [2, 5, 8, 10]]",5.375,0.9258200997725515,2.5
145,145,"[[2, 6, 7, 8, 9, 10], [1, 2, 4, 5], [2, 3, 5, 10, 11], [1, 2, 5, 6, 7, 8, 9, 10], [1, 4, 5], [2, 5, 6, 7, 11], [2, 4, 5, 8], [1, 2, 3, 5, 7, 8, 10, 11]]",5.375,0.8461538461538461,2.875
146,146,"[[2, 3, 5, 7, 8, 9, 10, 11], [1, 2, 7, 8, 9, 10, 11], [2, 4, 5], [2, 4, 5, 7], [1, 3, 4, 6, 9, 11], [1, 3, 5, 7], [6, 9, 11], [1, 2, 6, 9, 10]]",5.0,0.8485552916276634,2.625
147,147,"[[4, 5, 9], [3, 6, 8, 9], [2, 8, 9, 10, 11], [2, 3, 4, 5, 6, 8, 9], [3, 6, 7, 9, 10], [2, 3, 5, 6, 7, 9, 10, 11], [1, 5, 8, 9], [6, 7, 10, 11]]",5.0,0.7487531163446871,2.625
148,148,"[[2, 4, 6, 7, 10, 11], [1, 2, 3, 6, 8], [1, 3, 4, 8], [1, 2, 5, 8, 9, 10, 11], [4, 7, 10], [1, 2, 3, 4, 8, 10, 11], [4, 6, 7, 10], [1, 3, 6, 8, 9]]",5.125,0.8753192445343031,2.375
149,149,"[[2, 7, 8, 10, 11], [3, 4, 5, 7, 8], [3, 4, 6, 8, 11], [1, 2, 4, 5, 7, 8, 9], [2, 5, 6, 7, 10], [2, 4, 6, 9, 10, 11], [1, 2, 6, 7, 8, 10, 11], [4, 9, 10]]",5.375,0.7642652566278801,2.5
150,150,"[[2, 3, 4, 6, 8, 9, 10], [1, 6, 10, 11], [1, 3, 4, 8], [4, 5, 6, 8, 11], [3, 4, 8, 9, 10], [2, 5, 9, 11], [1, 2, 4, 7, 10, 11], [2, 4, 5, 6, 7, 8, 9]]",5.25,0.8717370924267561,2.625
151,151,"[[1, 3, 4, 6, 8, 9], [2, 6, 7], [2, 4, 6, 8, 9, 10], [3, 4, 5, 7, 9, 10, 11], [1, 3, 8, 11], [1, 4, 9], [2, 5, 7, 9, 10, 11], [2, 3, 7, 8, 9, 10]]",5.125,0.7857142857142857,2.75
152,152,"[[3, 4, 5, 7], [1, 5, 7, 9, 10], [1, 2, 3, 7, 11], [1, 2, 5, 6, 8], [4, 6, 7, 11], [1, 2, 11], [3, 7, 8, 9, 11], [1, 3, 5, 6, 10]]",4.5,0.7205766921228921,2.5
153,153,"[[2, 3, 5, 9, 10, 11], [2, 3, 4, 5, 6, 7, 9, 10, 11], [1, 2, 3, 4, 6, 10, 11], [1, 3, 4, 7, 8, 11], [2, 4, 5, 7, 8, 9, 11], [2, 3, 6, 7, 10], [1, 2, 3, 4, 5, 6, 7, 8, 9, 11], [1, 2, 4, 5, 6]]",6.875,0.8901129907846735,3.125
154,154,"[[1, 3, 4, 5, 10], [1, 3, 6, 8, 9], [1, 3, 4, 6, 8, 10], [1, 3, 4, 6, 7, 8, 10, 11], [5, 6, 7, 9, 10], [2, 4, 5, 7, 8, 9], [3, 4, 6, 9], [1, 4, 9, 11]]",5.375,0.8805309734513274,2.5
155,155,"[[2, 3, 4, 5, 6, 10], [1, 2, 3, 5, 6, 8, 9, 10, 11], [1, 7, 8, 10], [2, 3, 5, 6], [1, 4, 6, 10, 11], [6, 8, 9, 11], [1, 5, 6, 8, 9], [1, 2, 3, 4, 5, 8, 9, 10, 11]]",5.75,0.8819171036881969,2.875
156,156,"[[2, 4, 5, 6, 7], [3, 4, 5, 6, 7, 8, 9, 10], [1, 3, 5, 10, 11], [8, 10, 11], [2, 4, 5, 6, 8, 10, 11], [6, 7, 10, 11], [1, 3, 6, 7, 8, 10, 11], [1, 2, 3, 5, 7]]",5.5,0.8910421112136305,2.5
157,157,"[[2, 5, 10], [2, 4, 7, 8, 9, 10, 11], [1, 4, 5, 6, 7], [2, 8, 11], [1, 3, 4, 5, 6, 8, 9, 10, 11], [1, 2, 3, 4, 5, 8, 9, 10, 11], [1, 3, 6, 10, 11], [1, 2, 3, 4, 5, 8, 10, 11]]",6.125,0.9076576576576577,3.0
158,158,"[[5], [2, 4, 5, 6, 10], [2, 3, 5, 6, 7], [2, 3, 4, 5, 6, 7, 11], [4, 5, 7], [1, 6, 7, 10, 11], [1, 3, 4, 7, 8, 10], [3, 4, 7, 9]]",4.5,0.8485552916276634,1.75
159,159,"[[1, 4, 6, 8, 10], [2, 4, 6, 9, 10, 11], [1, 2, 5, 6, 7, 8], [2, 3, 4, 6, 7, 8, 10, 11], [1, 4, 5, 6, 7, 8, 10], [4, 5, 8, 10, 11], [2, 3, 8, 10], [2, 3, 5, 7, 11]]",5.75,0.878945897006366,2.625
160,160,"[[1, 6, 7, 11], [1, 2, 3, 6, 7, 8, 11], [1, 3, 5, 6, 7, 8, 9], [1, 2, 3, 4, 5, 7, 8, 10], [1, 2, 7, 8, 11], [1, 3, 5, 6, 8, 9, 10, 11], [4, 6, 7, 8, 9, 10], [4, 6, 7, 9, 10]]",6.25,0.8653910162294132,2.875
161,161,"[[3, 4, 5, 7, 9, 11], [2, 4, 8, 9], [4, 5, 8, 11], [1, 5, 7, 10], [1, 3, 8, 10], [5, 6, 10], [3, 5, 10], [1, 2, 3, 5, 6, 7, 8, 10]]",4.5,0.8660254037844386,2.75
162,162,"[[2, 10, 11], [2, 3, 4, 6, 9], [1, 5, 6, 7, 8, 9, 10], [1, 5, 7, 8, 10, 11], [6, 11], [6, 7, 10], [3, 4, 7, 9], [1, 4, 5, 6, 7, 9, 10, 11]]",4.75,0.7628422809644048,2.375
163,163,"[[5, 7, 8], [5, 8, 10], [5, 6, 8, 10, 11], [1, 4, 7], [2, 3, 7], [2, 3, 4, 5, 7, 8, 10], [2, 4, 6, 8, 9, 11], [1, 2, 5, 8]]",4.25,0.8660254037844386,2.25
164,164,"[[1, 2, 4, 9, 11], [2, 4, 5, 6, 8, 10, 11], [2, 3, 6, 7], [1, 4, 7], [2, 4, 5, 6, 7, 10, 11], [1, 2, 3, 4, 5, 6, 7, 8], [1, 2, 4, 5, 7, 8, 9, 11], [2, 3, 4, 8, 9, 10, 11]]",6.125,0.8785175323072534,2.625
165,165,"[[1, 3, 5, 6, 7, 9], [1, 3, 4, 7, 11], [3, 4, 5, 6, 7], [4, 5, 6, 9], [1, 2, 3, 5, 8, 9, 11], [5, 6, 9, 10], [3, 4, 6, 9, 10, 11], [1, 2, 4, 5, 6, 7, 9, 11]]",5.625,0.9046557008309873,3.0
166,166,"[[3, 6, 7, 8, 9, 11], [1, 5, 8, 10, 11], [1, 2, 6, 9, 11], [1, 2, 3, 4, 6, 8, 9, 10], [2, 6, 7, 8, 9], [1, 3, 4, 6, 10, 11], [1, 3, 5, 7, 8, 9, 11], [1, 4, 6, 7, 8, 9, 10, 11]]",6.25,0.8764570887676141,2.75
167,167,"[[3, 7, 8, 9, 11], [1, 3, 7, 9, 10], [4, 6, 7, 9, 10], [2, 4, 5, 6, 8], [1, 2, 3, 9, 10, 11], [2, 3, 4, 5, 9], [3, 4, 7, 8, 9, 11], [1, 3, 4, 5, 7, 8, 11]]",5.5,0.8461141122266493,2.625
168,168,"[[1, 3, 5, 6], [1, 2, 5, 6, 9], [8, 9, 10], [1, 3, 10, 11], [1, 7, 8, 9], [1, 8, 9], [1, 6, 7, 9, 10, 11], [1, 4, 6, 7, 8, 10, 11]]",4.5,0.7524508267398141,2.875
169,169,"[[3, 4, 6, 8, 9, 10], [2, 4, 6, 10, 11], [2, 4, 7, 8, 10], [4, 5, 6, 7, 9, 10, 11], [1, 3, 6, 9, 10], [1, 3, 6, 9, 10], [2, 5, 7, 8, 9, 10], [1, 2, 3, 4, 5, 7, 11]]",5.75,0.9384030762516826,3.0
170,170,"[[2, 3, 4, 7, 8, 11], [1, 4, 6, 8, 9, 11], [5, 7, 8, 9, 10], [2, 7, 10, 11], [1, 2, 3, 8, 10], [1, 4, 7, 8, 11], [1, 2, 3, 9, 10, 11], [2, 7, 8, 11]]",5.125,0.7458465196951775,2.5
171,171,"[[4, 6, 9, 11], [4, 11], [2, 4, 5, 6, 7, 8, 9, 10, 11], [3, 4, 5, 6, 7, 8, 9, 11], [1, 2, 7, 9], [1, 2, 3, 4, 6, 7, 11], [2, 3, 4, 6, 7, 8, 11], [1, 4, 5, 7, 9, 11]]",5.875,0.9062168892044165,3.0
172,172,"[[1, 3, 9, 10], [3, 4, 5, 6, 11], [1, 3, 4, 5, 6, 8, 10], [1, 2, 4, 6, 8], [3, 4, 5, 6, 10, 11], [2, 3, 4, 6, 9, 10], [1, 5, 7, 9, 10, 11], [3, 4, 6, 7, 8, 10]]",5.625,0.816677405427677,2.875
173,173,"[[2, 4, 5, 7], [3, 5, 9, 10, 11], [1, 2, 5, 8, 10], [5, 6, 7, 8, 9, 11], [4, 9, 10], [2, 4, 6, 7, 8, 9], [2, 5, 8, 11], [1, 2, 3, 4, 5, 8, 10]]",5.0,0.7970167702187486,2.75
174,174,"[[1, 4, 11], [2, 3, 4, 5, 7, 8, 11], [5, 6, 8, 9, 10, 11], [1, 2, 4, 8, 9, 10, 11], [3, 8, 9, 11], [1, 3, 5, 6, 8, 9, 10, 11], [2, 3, 4, 5, 8, 9], [1, 2, 3, 5, 7, 9, 10]]",6.0,0.8284941842352038,3.125
175,175,"[[1, 3, 4, 5, 8, 9, 10], [1, 2, 3, 5, 6, 7, 9, 11], [1, 7, 8, 11], [2, 5, 6, 7, 9], [2, 4, 8, 10], [1, 3, 5, 6, 8, 9, 11], [1, 3, 7, 10], [5, 6, 7, 11]]",5.375,0.8214005083884005,2.875
176,176,"[[3, 6, 10], [1, 2, 7, 8, 10], [1, 2, 3, 5, 8, 11], [1, 3, 4, 5, 7, 9, 10, 11], [3, 6, 7], [1, 3, 4, 6, 8, 9, 10, 11], [1, 2, 3, 5, 6, 8, 9], [1, 3, 4, 5, 6, 8, 11]]",5.875,0.7970167702187486,2.625
177,177,"[[1, 2, 3, 5, 6, 7, 8, 11], [2, 4, 5, 9, 11], [1, 2, 3, 7, 11], [2, 5, 8, 9, 10], [5, 7, 8, 9, 10], [2, 3, 5, 7, 9, 11], [3, 5, 8, 10], [2, 6, 8, 9, 11]]",5.375,0.8440134633783005,3.375
178,178,"[[2, 3, 5, 6, 7, 9, 10, 11], [1, 2, 7, 8, 11], [1, 2, 5, 6, 7, 9, 10], [1, 2, 3, 5, 7, 9, 10, 11], [1, 2, 7, 8, 9, 10, 11], [1, 6, 7, 8, 9, 11], [1, 4, 5, 8, 10], [2, 3, 4, 5, 6, 8, 9, 10, 11]]",6.875,0.8623944306397656,3.375
179,179,"[[2, 3, 4, 7, 8, 9, 11], [2, 7, 10, 11], [1, 3, 5, 6, 8, 9, 10, 11], [3, 6, 8, 10, 11], [4, 6, 8, 10, 11], [1, 2, 4, 8, 9, 10, 11], [1, 4, 8, 9, 11], [3, 8, 9, 10, 11]]",5.75,0.8379058469160648,2.75
180,180,"[[1, 2, 5, 8, 9, 10, 11], [4, 6, 7, 8], [1, 6], [1, 2, 3, 6, 7, 8], [1, 2, 3, 5, 7, 8, 10, 11], [1, 2, 3, 4, 8, 10, 11], [4, 6, 7, 8, 9, 11], [1, 3, 4, 5, 7, 8, 10, 11]]",6.0,0.9035079029052513,2.375
181,181,"[[1, 2, 3, 4, 5, 6, 10, 11], [3, 4, 7, 9, 10, 11], [3, 4, 6, 7, 8, 9, 10], [3, 6, 8, 9], [1, 4, 5, 11], [3, 6, 11], [1, 3, 7, 8, 9, 11], [1, 5, 7, 10]]",5.25,0.8721498827830118,2.625
182,182,"[[2, 4, 5, 6, 7, 11], [1, 5, 7], [2, 3, 6, 7, 9, 10, 11], [2, 3, 4, 5, 11], [1, 6, 8, 9], [1, 2, 4, 6, 8, 10, 11], [1, 3, 4, 6, 10], [1, 3, 4, 6, 9, 10, 11]]",5.5,0.8454968154078789,2.75
183,183,"[[1, 3, 5, 6, 8, 10, 11], [2, 3, 5, 8, 9, 10, 11], [2, 3, 4, 5, 7, 8, 11], [1, 2, 4, 5, 8, 9], [1, 2, 3, 4, 5, 9, 11], [5, 6, 9, 10], [3, 6, 7, 8, 9, 10, 11], [2, 3, 7, 8, 9, 11]]",6.375,0.9048968196275284,3.5
184,184,"[[1, 6, 11], [3, 4, 5, 8, 9, 11], [2, 9, 11], [2, 4, 5, 6, 7, 9, 10], [1, 2, 4, 8], [2, 3, 4, 5, 7, 8, 9, 10, 11], [3, 5, 6, 7, 9, 10], [3, 5, 8, 9, 10]]",5.375,0.8773384834252592,3.375
185,185,"[[1, 2, 5, 6, 9, 10, 11], [1, 2, 4, 6, 8, 9], [1, 2, 5, 6, 7, 9, 10, 11], [1, 2, 3, 5, 9], [4, 5, 6, 8, 9], [5, 6, 7, 8, 10], [1, 2, 3, 4, 7, 11], [1, 4, 7, 11]]",5.75,0.8857284715832128,3.0
186,186,"[[2, 3, 4, 7, 10], [1, 2, 3, 6], [1, 2, 3, 4, 5, 6, 7, 8, 10], [2, 3, 7, 9, 10], [1, 2, 5, 6, 7], [1, 2, 4, 5, 7, 8, 9, 10], [3, 4, 6, 7, 8, 11], [3, 4, 6, 7, 9, 10, 11]]",6.125,0.9074852129730302,2.75
187,187,"[[1, 2, 3, 4, 7, 9, 10, 11], [1, 2, 3, 5, 6, 8, 10, 11], [1, 3, 8, 9, 10, 11], [1, 5, 6, 7, 9], [1, 2, 5, 7, 8], [1, 2, 3, 5, 6, 8, 9], [1, 7, 8], [1, 6, 11]]",5.625,0.7824666287099551,3.0
188,188,"[[1, 4, 6, 7, 8], [1, 2, 3, 4, 5, 6, 7], [1, 2, 3, 11], [1, 7, 8, 11], [1, 2, 5, 10], [1, 3, 5, 7, 9, 11], [4, 5, 6, 7, 10], [1, 10]]",4.625,0.7575585103502303,2.625
189,189,"[[1, 3, 5, 7, 10, 11], [4, 5, 6, 7], [1, 2, 3, 5, 7, 8, 9, 10], [1, 2, 4, 5, 8], [2, 3, 4, 7, 8], [1, 4, 6, 8, 9], [6, 8, 9], [4, 5, 6, 7]]",5.0,0.9285714285714283,2.0
190,190,"[[1, 4, 7, 8], [6, 7, 9], [1, 2, 11], [2, 6, 7, 9, 10], [2, 3, 4, 7, 11], [1, 3, 5, 7, 9], [1, 3, 4, 5, 6, 7], [3, 7, 8, 9, 10, 11]]",4.625,0.7205766921228921,2.5
191,191,"[[1, 2, 6, 9, 11], [1, 3, 6, 7, 9, 10], [2, 3, 4, 5, 7, 8], [3, 5, 7, 9], [5, 6, 8, 10], [1, 4, 7, 8, 9, 11], [1, 4, 5, 6, 9, 10], [1, 4, 5, 7, 9]]",5.25,0.9046557008309873,2.875
192,192,"[[1, 2, 3, 4, 5, 7, 8], [3, 4, 7, 8, 10, 11], [4, 6, 7, 9], [1, 2, 4, 10, 11], [1, 3, 5, 6, 7, 9, 10], [2, 4, 6, 8, 10, 11], [3, 5, 8, 10, 11], [1, 2, 4, 5, 8, 9, 10, 11]]",6.0,0.9176907902967286,2.625
193,193,"[[4, 5, 7, 9, 10], [4, 5, 6, 8, 11], [2, 3, 5, 6, 7, 8, 10], [1, 2, 4, 5, 6, 7, 9], [2, 5, 6, 7, 9, 10, 11], [1, 3, 5, 6, 8, 10], [3, 4, 7, 9], [3, 5, 7, 8, 9, 10]]",5.875,0.8965309034888415,3.25
194,194,"[[1, 4, 7, 8, 9, 10], [1, 6, 7, 9], [3, 4, 5, 6, 8, 9], [1, 6, 7, 8], [3, 4, 8], [1, 2, 3, 5, 6], [4, 10], [1, 4, 6, 8, 9, 11]]",4.5,0.7642652566278799,2.25
195,195,"[[2, 4, 6, 11], [3, 5, 6, 7], [4, 5, 6, 10, 11], [3, 4, 7, 9, 10], [2, 3, 4, 5, 8, 10, 11], [1, 3, 4, 5, 6, 7, 8], [1, 2, 4, 6, 8, 11], [2, 5, 6, 8, 11]]",5.375,0.8720166746656903,2.5
196,196,"[[2, 3, 5, 6, 7, 8, 9], [1, 3, 4, 7, 8, 9], [6, 7, 8, 9, 11], [1, 2, 3, 4, 9, 11], [1, 3, 5, 6, 9], [5, 8, 11], [3, 6, 7, 8, 9, 11], [2, 4, 6, 7, 8, 10, 11]]",5.625,0.9036800488347746,2.875
197,197,"[[2, 3, 5, 6, 7, 8, 9], [2, 4, 5, 7, 8, 9, 11], [4, 9, 11], [2, 6, 7, 8, 10], [1, 3, 7, 8, 10], [1, 5, 6, 7, 9], [2, 3, 4, 9, 11], [2, 6]]",4.875,0.8635249295737603,2.5
198,198,"[[2, 4, 5, 6, 8, 9, 11], [2, 3, 6, 7, 8, 10], [1, 2, 4, 5, 7, 8, 9, 10], [1, 2, 4, 5, 6, 8, 11], [2, 6, 8, 9, 11], [1, 4, 6, 8, 10], [7, 9, 10, 11], [1, 2, 4, 10]]",5.75,0.7946588703200718,2.875
199,199,"[[4, 6], [3, 4, 5, 6, 7, 9, 10], [1, 7, 9, 11], [7, 8], [2, 7, 8, 10], [3, 4, 8, 9], [2, 3, 5, 6, 8, 9], [1, 3, 5, 6, 10, 11]]",4.375,0.86498638073031,1.875
200,200,"[[1, 3, 4, 5, 7, 9, 10, 11], [1, 2, 4, 8, 9, 11], [1, 3, 4, 5, 6, 11], [1, 2, 3, 5, 7, 9, 10], [1, 2, 4, 5, 7, 9, 10], [1, 6, 7, 9, 11], [7, 8, 9, 11], [1, 4, 7, 8, 10, 11]]",6.125,0.8892871544119078,3.25
201,201,"[[5, 8, 10, 11], [1, 3, 4, 8, 9, 10, 11], [1, 4, 6, 8], [2, 3, 5, 6, 9, 11], [1, 2, 4, 6, 10, 11], [1, 3, 4, 9, 11], [2, 6, 7, 8, 9, 11], [4, 5, 7, 8, 10]]",5.375,0.8699229941545525,2.875
202,202,"[[1, 2, 3, 4, 5, 7, 8, 10, 11], [1, 7, 9, 10, 11], [1, 3, 9], [2, 6, 7, 8, 9, 11], [1, 3, 4, 8, 10], [3, 4, 5, 7], [2, 5], [1, 3, 4, 5, 6, 7, 11]]",5.125,0.8170571691028833,2.375
203,203,"[[3, 4, 6, 9], [1, 2, 3, 4, 5, 6, 7, 9], [1, 4, 5, 6, 9], [1, 5, 8, 9, 10, 11], [1, 2, 4, 5, 8, 9, 10], [3, 9], [2, 3, 4, 6, 7, 8, 9, 11], [2, 3, 4, 5, 8, 10, 11]]",5.875,0.8611640186140962,3.0
204,204,"[[1, 2, 3, 4, 5, 6, 9], [1, 6, 7, 9, 11], [1, 3, 4, 7, 8, 10, 11], [3, 4, 5, 6, 9], [1, 2, 4, 5, 6, 7, 8, 9, 11], [6, 8, 9], [3, 4, 5, 8, 11], [1, 2, 5, 6]]",5.625,0.8845789384979693,2.75
205,205,"[[3, 7, 8, 9, 11], [2, 4, 5, 7, 9, 11], [2, 3, 5, 6, 7, 10], [2, 5, 6, 7, 9, 10, 11], [1, 2, 5, 6, 7, 10, 11], [2, 3, 4, 5, 7, 8, 9, 10, 11], [1, 2, 3, 4, 5, 6, 8], [1, 2, 3, 4, 6, 7, 8, 9, 11]]",7.0,0.9246547634003561,3.375
206,206,"[[1, 2, 3, 6, 8], [1, 6, 8, 9, 10, 11], [1, 3, 8, 9, 11], [1, 2, 4, 5, 6, 9, 11], [2, 6, 7, 11], [9, 10, 11], [4, 5, 9, 10], [2, 3, 6, 7, 10, 11]]",5.0,0.84216411053251,2.875
207,207,"[[1, 2, 3, 10], [7, 8, 10, 11], [2, 6, 8, 9, 11], [3, 5, 9, 11], [1, 2, 3, 8, 9, 11], [2, 3, 5, 7, 8, 9, 11], [6, 8, 10], [5]]",4.25,0.7385061302032814,2.625
208,208,"[[1, 2, 3, 4, 5, 6, 8, 9], [1, 5, 10], [3, 4, 6, 8, 9, 10], [2, 5, 6, 11], [2, 4, 5, 6, 7, 9, 10], [3, 4, 7, 10, 11], [2, 3, 5, 8, 9, 11], [2, 3, 4, 5, 9]]",5.5,0.8898206684033632,3.125
209,209,"[[4, 5, 6, 7], [1, 2, 3, 5, 7], [1, 2, 3], [1, 5, 7, 9, 10, 11], [1, 7, 8, 9, 10], [1, 2, 3, 6, 7, 9, 10], [3, 5, 7, 11], [1, 2, 4, 7, 8, 10]]",5.0,0.8195375470622296,2.625
210,210,"[[3, 5, 6, 7, 9], [1, 5, 10], [1, 2, 4, 5, 6, 7, 8, 9, 10, 11], [3, 5, 7, 9, 10], [3, 4, 10, 11], [1, 3, 4, 5, 6, 7, 8, 11], [1, 3, 4, 5, 9, 10], [1, 3, 4, 5, 7, 9, 11]]",6.0,0.9083737430941391,3.25
211,211,"[[1, 3, 4, 5, 8, 9], [1, 4, 6, 8, 9], [2, 3, 5, 6, 8, 10, 11], [3, 6, 7, 8, 10, 11], [1, 3, 9], [2, 3, 7, 8, 10, 11], [2, 6, 7], [2, 4, 6, 7, 8, 9]]",5.25,0.7857142857142857,2.25
212,212,"[[1, 5, 6, 7, 9, 11], [2, 4, 5, 6, 7, 9, 10], [1, 5, 8, 9], [1, 2, 3, 4, 6, 8, 10], [1, 2, 4, 5, 7, 8, 10, 11], [3, 4, 5, 6, 7, 11], [1, 4, 5, 6, 11], [1, 3, 6, 7, 8, 9]]",6.125,0.8733132635761512,3.25
213,213,"[[1, 3, 8, 10, 11], [1, 2, 5, 6, 10, 11], [1, 3, 4, 5, 8, 9, 10], [2, 5, 6, 7, 9, 10], [1, 4, 5, 7, 8], [1, 2, 10], [1, 6, 7, 10, 11], [1, 3, 7, 11]]",5.125,0.7042105548226619,2.75
214,214,"[[1, 2, 5, 10, 11], [2, 3, 5, 7, 9, 11], [1, 5, 6, 10], [2, 4, 5, 7, 8, 9], [1, 2, 3, 4, 5, 7, 8, 9], [1, 2, 4, 6, 8], [3, 5, 6, 7, 10, 11], [2, 3, 4, 6, 10]]",5.625,0.9170672438028018,2.875
215,215,"[[1, 2, 6, 7, 11], [1, 2, 4, 8, 9, 11], [1, 2, 11], [1, 2, 5, 6, 7, 8, 9, 11], [3, 4, 6, 9, 10, 11], [2, 5], [2, 3, 4, 6], [2, 4, 5, 7, 8, 10, 11]]",5.125,0.8122395730440854,2.25
216,216,"[[1, 2, 3, 5, 11], [1, 2, 4, 5, 7, 8, 9], [1, 3, 4, 5, 7, 9, 10], [1, 4, 5, 9], [1, 3, 4, 7], [1, 4, 6, 7, 8], [3, 4, 10, 11], [1, 2, 3, 5, 8, 9, 11]]",5.375,0.8068932837308388,3.125
217,217,"[[3, 4, 5, 7, 8], [6, 7, 8, 9, 10], [1, 3, 4, 9], [5, 6, 8, 9, 10], [2, 3, 4, 5, 6, 8, 9, 10], [2, 3, 6, 7], [4, 5, 8, 9, 10], [1, 5, 6, 8, 10, 11]]",5.25,0.8845789384979692,2.75
218,218,"[[1, 3, 10], [2, 4, 5, 6, 7, 11], [2, 3, 4, 11], [1, 4, 6, 7, 8, 9, 11], [1, 2, 4, 6, 8, 11], [4, 5, 6, 8, 11], [3, 5], [1, 2, 4, 7, 10, 11]]",4.875,0.7715167498104596,2.25
219,219,"[[2, 4, 6, 8, 10], [1, 4, 9, 10, 11], [1, 2, 3, 4, 5, 6, 8], [2, 10], [4, 5, 6, 7, 8, 11], [1, 3, 4, 8, 9], [1, 3, 7, 8, 10], [1, 4, 5, 8, 11]]",5.0,0.9084083005031557,2.625
220,220,"[[2, 3, 6, 10, 11], [3, 4, 5, 6, 7], [3, 5, 6, 9, 10, 11], [2, 3, 5, 6, 8], [1, 2, 3, 4, 5, 8, 9], [2, 5, 6, 7, 8, 9, 11], [1, 2, 5, 7, 8, 10, 11], [1, 3, 4, 7, 9, 10]]",6.0,0.9091278707404705,2.75
221,221,"[[4, 8, 9], [1, 2, 4, 6, 8], [9, 10, 11], [2, 5, 6], [1, 2, 5, 7, 8, 9, 10], [2, 5, 6, 8, 9], [4, 7, 9, 10], [2, 3, 6, 7, 8]]",4.375,0.8170571691028833,2.0
222,222,"[[1, 3, 5, 7, 9], [2, 4, 5, 6, 7, 8, 9], [2, 3, 4, 5, 6, 7, 9, 11], [2, 3, 4, 5, 6, 7, 8, 9, 11], [1, 2, 4, 7, 8, 9, 11], [1, 3, 5, 8, 9, 11], [2, 4, 6, 8, 9], [1, 3, 6, 8, 9, 10]]",6.625,0.9794681840148088,3.125
223,223,"[[2, 3, 4, 8, 10], [4, 5, 6, 7, 11], [1, 4, 5, 8, 9, 11], [1, 2, 4, 5, 6, 7, 9, 11], [5, 6, 7, 8, 10, 11], [2, 4, 5, 6], [1, 3, 6, 9, 11], [3, 4, 6, 8, 11]]",5.5,0.8720166746656904,2.75
224,224,"[[1, 3, 5, 6, 7, 9, 11], [2, 4, 6, 7, 10], [1, 4, 5, 8, 9], [6, 8, 10], [1, 4, 5, 6, 7, 8], [1, 2, 5, 6, 8, 9, 10, 11], [2, 3, 4, 5, 6, 8, 9, 11], [2, 3, 7, 9, 10, 11]]",6.0,0.9402561526802476,3.25
225,225,"[[1, 3, 4, 9, 11], [1, 2, 3, 4, 6, 9, 10, 11], [1, 3, 5, 6, 7, 8, 10, 11], [2, 3, 5, 6, 7, 8, 9], [4, 5, 9], [1, 2, 3, 4, 6, 7, 8, 10, 11], [1, 2, 3, 4, 5, 7, 8, 9, 10], [1, 2, 5, 9]]",6.625,0.8660254037844386,2.875
226,226,"[[1, 2, 9, 10], [2, 5, 7, 8, 9, 10], [1, 3, 5, 6, 9, 11], [6, 7, 9], [1, 5, 7, 8, 9, 10], [3, 4, 6, 7], [2, 6, 7, 8, 10, 11], [1, 2, 3, 6, 8, 11]]",5.125,0.830489432167329,2.5
227,227,"[[2, 3, 5, 9, 10, 11], [3, 5, 7, 8, 10], [1, 2, 3, 6, 8, 9], [3, 4, 8], [5, 6, 7, 8, 11], [1, 4, 5, 6, 7, 10, 11], [7, 11], [1, 2, 4, 11]]",4.75,0.7870437974535281,2.5
228,228,"[[2, 3, 4, 6, 10, 11], [1, 2, 4, 5, 8, 9], [3, 6, 9, 10], [3, 5, 6, 11], [1, 2, 3, 4, 5, 7, 9, 10], [1, 4, 7, 10, 11], [1, 2, 3, 5, 8], [1, 2, 3, 6, 7, 10]]",5.5,0.8672014583155152,2.875
229,229,"[[1, 3, 4, 6, 7, 8, 9], [1, 2, 4, 6, 8, 10], [2, 4, 5, 6, 9, 11], [1, 3, 5, 7, 10], [1, 2, 3, 5, 6, 8, 10, 11], [1, 5, 6, 10], [1, 2, 3, 7, 8, 11], [1, 3, 6, 8, 9]]",5.875,0.9366578681461609,2.875
230,230,"[[1, 2, 3, 4, 6, 8], [2, 3, 5, 9, 10], [2, 4, 5, 6, 7, 9, 11], [7, 8, 9], [2, 6, 7, 8, 11], [3, 7, 8, 10, 11], [3, 4, 5, 6, 7, 8, 9, 11], [3, 6, 7, 8, 11]]",5.5,0.8964427126847628,2.625
231,231,"[[1, 5, 8, 9, 10], [1, 4, 6, 8, 10, 11], [1, 2, 3, 4, 7, 9, 11], [1, 3, 8, 9, 10, 11], [3, 9], [1, 4, 5, 8, 9], [5, 10, 11], [1, 2, 3, 6, 7, 11]]",5.0,0.8196561646738475,2.75
232,232,"[[1, 2, 3, 5, 6, 9, 10], [1, 7, 9, 10, 11], [1, 2, 4, 7, 9], [2, 4, 5, 7, 8], [1, 3, 4, 5, 6, 7, 8, 10, 11], [1, 3, 5, 6, 7], [3, 5, 8, 9, 10], [4, 6, 8, 9, 10]]",5.75,0.8456889933171186,3.0
233,233,"[[1, 2, 3, 4, 10], [1, 2, 3, 5, 8, 9, 10], [2, 3, 4, 8, 10, 11], [3, 4, 7, 9, 10, 11], [1, 2, 3, 5, 6, 7, 9], [1, 5, 6, 10, 11], [2, 3, 7, 10, 11], [3, 8, 9, 10]]",5.625,0.7541603210059575,2.875
234,234,"[[1, 3, 4, 5, 8, 10, 11], [2, 5, 6, 8, 11], [2, 3, 5, 6, 9], [1, 2, 5, 8, 10, 11], [1, 3, 5, 6, 8, 9, 10], [1, 4, 8, 10], [1, 2, 4, 6, 7, 11], [1, 3, 5, 8, 9]]",5.625,0.9466020479062007,2.875
235,235,"[[1, 2, 3, 6, 8, 9, 11], [1, 2, 6, 7, 11], [1, 2, 3, 4, 5, 10, 11], [1, 3, 4, 6, 9, 11], [1, 2, 6, 8, 10], [1, 3, 4, 5, 7, 8, 9, 10, 11], [1, 6, 7, 8, 9], [1, 2, 3, 5, 8, 10, 11]]",6.375,0.8157515117072054,2.875
236,236,"[[1, 2, 3, 4, 9], [1, 4, 6, 8, 10, 11], [1, 4, 5, 6, 10, 11], [2, 4, 6, 7, 8, 11], [1, 3, 6, 7, 9], [1, 2, 4, 7, 9, 10, 11], [3, 7, 9, 11], [3, 4, 5, 6, 7, 8, 9]]",5.75,0.8465914174404888,2.625
237,237,"[[2, 3, 4, 6], [2, 3, 4, 5, 9, 10], [3, 4, 7, 9, 10, 11], [4, 6, 7, 9, 10, 11], [1, 2, 4, 5, 6, 7, 9, 10], [4, 5, 6, 8, 11], [2, 3, 5, 7, 9, 11], [1, 3, 5, 7]]",5.625,0.9173178089499966,3.0
238,238,"[[4, 9, 10, 11], [1, 3, 5, 7, 11], [1, 2, 3, 5, 6, 7, 8, 9], [1, 3, 5, 6, 7, 8, 11], [1, 3, 5, 8], [4, 8, 9], [5, 8, 10, 11], [1, 3, 4, 6, 7, 8, 11]]",5.25,0.847482507775365,2.75
239,239,"[[2, 4, 10, 11], [3, 4, 6, 9, 10], [3, 5, 6, 7, 9, 10, 11], [4, 10, 11], [1, 4, 6, 8, 9], [1, 4, 5, 7, 9, 11], [2, 3, 4, 5, 7, 8, 11], [1, 2, 3, 5, 7, 10, 11]]",5.5,0.782466628709955,3.0
240,240,"[[1, 2, 4, 6, 8, 10, 11], [1, 3, 4, 5, 7, 8, 9, 10], [1, 2, 5, 6, 7, 9, 10, 11], [3], [2, 4, 5, 6, 7, 10, 11], [1, 2, 5, 7, 10], [1, 2, 3, 4, 5, 6, 8, 9, 11], [1, 2, 6, 7, 9]]",6.25,0.95507180995052,2.875
241,241,"[[1, 3, 10, 11], [1, 2, 3, 4, 5, 7, 11], [1, 3, 7, 8, 10, 11], [2, 3, 4, 6], [5, 7, 10], [2, 3, 4, 5, 6, 8, 9, 10, 11], [3, 4, 7, 11], [1, 7, 10]]",5.0,0.8773384834252592,2.25
242,242,"[[1, 2, 4, 8, 10], [1, 2, 7, 8, 9, 10, 11], [1, 2, 5, 6, 8], [2, 4, 9], [3, 4, 9, 11], [3, 4, 6, 7, 9, 10, 11], [1, 3, 4, 7, 10, 11], [1, 2, 4, 6, 7, 8, 10, 11]]",5.625,0.9078412990032037,2.375
243,243,"[[2, 4, 5, 9, 10, 11], [3, 4, 6, 8, 9, 10, 11], [1, 3, 7, 9, 10], [2, 3, 7, 9, 11], [2, 5, 8, 9], [1, 2, 5, 8, 9, 11], [1, 2, 5, 8, 9, 10], [1, 4, 6, 7, 8, 10]]",5.625,0.895143592549291,3.125
244,244,"[[3, 5, 6, 8, 11], [2, 3, 6, 9, 10], [3, 4, 6, 9, 11], [1, 2, 4, 6, 9], [2, 4, 6, 9, 11], [2, 7, 10], [1, 2, 3, 5, 6, 9, 10], [2, 4, 5, 6, 7, 8, 11]]",5.25,0.9112931795128764,3.0
245,245,"[[5, 7, 9], [1, 2, 3, 5, 6, 9], [1, 2, 4, 5, 8, 9], [1, 2, 7, 10, 11], [3, 4, 6, 9, 11], [3, 4, 5, 9, 10, 11], [5, 6, 7], [1, 2, 3, 4, 6, 7, 9, 10, 11]]",5.375,0.9332565252573827,2.875
246,246,"[[1, 2, 3, 7, 11], [1, 2, 4, 5, 6, 7, 8, 9, 11], [1, 2, 3, 4, 5, 8, 11], [2, 4, 6, 7, 8, 9, 11], [1, 4, 5, 8, 9, 10, 11], [3, 5, 7, 10], [2, 5, 7], [1, 2, 4, 7, 10]]",5.875,0.8860639154312461,2.75
247,247,"[[1, 3, 7, 10], [3, 6, 7, 9, 11], [2, 3, 7, 8, 9], [1, 2, 5, 6, 8, 9, 10], [3, 7, 8, 10, 11], [1, 2, 3, 4, 5, 6, 7, 8, 10, 11], [3, 4, 7, 10], [1, 2, 5, 6, 7, 8, 10, 11]]",6.0,0.895143592549291,2.5
248,248,"[[1, 2, 3, 8], [2, 4, 7, 8, 9, 11], [4, 5, 6, 7, 10, 11], [1, 3, 4, 7, 8, 11], [1, 2, 4, 5, 6, 8, 11], [2, 5, 7, 11], [1, 3, 4, 6, 7, 9, 10], [2, 3, 4, 5, 7, 8, 10, 11]]",6.0,0.8370449112220945,2.75
249,249,"[[3, 5, 6, 7, 10], [2, 5, 6, 7, 11], [3, 6, 9, 11], [2, 3, 5, 7, 9, 10], [4, 5, 7, 9, 11], [3, 7], [8], [2, 6, 9, 11]]",4.0,0.9554857628880884,2.5
250,250,"[[1, 4, 11], [4, 5, 7, 9], [3, 4, 6, 7, 9, 10], [1, 2, 5, 6, 8, 9, 10, 11], [2, 4, 5, 7, 9, 10, 11], [4, 6, 7, 8, 10], [2, 6, 7, 8, 11], [3, 5, 7, 8, 10, 11]]",5.5,0.8470243628419076,2.75
251,251,"[[1, 2, 5, 6, 8, 9, 10, 11], [1, 3, 6, 8, 10, 11], [4, 5, 7], [1, 4, 7, 8, 9, 10], [1, 2, 4, 5, 8], [2, 3, 4, 6, 9, 10], [2, 4, 6, 9, 10], [5, 7, 9, 11]]",5.375,0.9028938981432689,2.875
252,252,"[[2, 3, 4, 5, 6, 8], [6, 7, 9, 10], [1, 4, 7, 8], [2, 4, 6, 7, 8, 9, 10, 11], [2, 4, 6, 9, 10, 11], [1, 3, 4, 6, 7, 8, 11], [1, 7, 9], [1, 2, 4, 5, 6, 7, 9]]",5.625,0.8910421112136305,2.625
253,253,"[[2, 3, 4, 6, 7, 8, 11], [4, 8, 11], [1, 4, 5, 8, 9], [3, 6, 9], [1, 2, 6, 7, 9, 10, 11], [2, 3, 5, 9, 10, 11], [1, 2, 9, 11], [1, 3, 6]]",4.75,0.8818947015264179,2.625
254,254,"[[1, 2, 3, 6, 9, 10, 11], [2, 4, 5, 8, 11], [1, 5, 7, 8, 9, 10, 11], [1, 2, 3, 4, 5, 7, 11], [4, 6, 7, 8, 9], [5, 7, 9, 10], [1, 2, 3, 8], [2, 4, 5, 6, 9, 10, 11]]",5.75,0.7792280807306038,3.0
255,255,"[[3, 6, 7, 9, 10], [1, 3, 4, 7, 8, 9, 10, 11], [3, 4, 7, 8, 10, 11], [2, 4, 5, 8, 10, 11], [3, 5, 11], [1, 3, 4, 5, 6, 7, 8, 9], [1, 3, 4, 7, 8, 11], [1, 4, 5, 9, 10, 11]]",6.0,0.8461538461538461,3.0
256,256,"[[1, 10], [1, 2, 3, 4, 5, 8, 9, 11], [1, 3, 6, 7, 9, 11], [1, 2, 3, 5, 7, 11], [7, 9, 11], [2, 3, 6, 8], [1, 2, 3, 4, 5, 6, 7, 8, 9], [1, 5, 6, 9]]",5.25,0.9250496215239957,2.875
257,257,"[[2, 3, 4, 6, 7, 11], [1, 3, 6, 7, 8, 9, 10], [4, 5, 7, 8, 10, 11], [5, 6, 8, 10, 11], [1, 5, 6], [3, 6, 8, 9, 10, 11], [3, 5, 6, 8, 11], [4, 5, 6, 7, 9, 10, 11]]",5.625,0.8660254037844386,3.0
258,258,"[[2, 4, 5, 6, 7, 8, 9, 11], [1, 5, 7, 10, 11], [2, 4, 6, 7, 9], [2, 3, 4, 5, 11], [1, 2, 4, 5, 8, 9, 10, 11], [2, 4, 7], [2, 3, 7, 8, 10], [3, 4, 6, 10, 11]]",5.5,0.8081376242652525,2.375
259,259,"[[6, 7, 9, 11], [1, 3, 4, 5, 7, 8, 9], [4], [1, 4, 5, 6, 8, 9, 11], [2, 3, 5, 8, 11], [6, 8, 9, 10, 11], [1, 3, 5, 6, 8, 10, 11], [2, 4, 6, 8, 10]]",5.125,0.9046557008309873,2.75
260,260,"[[2, 3, 7, 9, 10], [3, 4, 8, 10], [1, 3, 4, 6, 10], [4, 5, 7, 8, 9, 10], [4, 6, 7, 10], [7, 8, 10, 11], [3, 5, 7, 8, 9, 11], [1, 4, 5, 6, 7, 8, 9, 11]]",5.25,0.8873274787391784,2.875
261,261,"[[1, 3, 5, 6, 8, 9, 11], [1, 2, 6], [4, 5, 7, 8], [3, 5, 6], [1, 2, 3, 5, 7, 8, 9, 11], [1, 4, 5, 6, 7], [1, 3, 8, 9, 11], [1, 2, 4, 5]]",4.875,0.8170571691028834,2.625
262,262,"[[2, 6, 7], [3, 4, 5, 6, 10, 11], [2, 7, 10, 11], [6, 7, 9], [1, 4, 5, 6, 7, 8, 9], [1, 4, 8], [3, 5, 6, 8], [3, 6, 8, 11]]",4.25,0.8660254037844387,1.875
263,263,"[[1, 4, 5, 8, 9, 11], [1, 2, 4, 9], [1, 5, 7, 10, 11], [1, 4, 5, 6, 10, 11], [2, 3, 4, 7, 8, 9, 11], [3, 4, 7, 8], [3, 4, 7, 8, 11], [2, 3, 4, 7]]",5.125,0.823754471047914,2.25
264,264,"[[1, 2, 5, 6, 10], [1, 2, 3, 4, 5, 6, 7, 8, 10, 11], [2, 4, 7, 8, 9, 10, 11], [2, 3, 4, 5, 6, 9, 10, 11], [2, 4, 10, 11], [5, 7, 9, 11], [5, 6, 7, 10, 11], [3, 4, 5, 8]]",5.875,0.8717100546930082,2.875
265,265,"[[1, 2, 3, 4, 5, 8, 10, 11], [2, 4, 6, 9, 10], [1, 6, 9, 11], [3, 10, 11], [2, 3, 6, 7, 8, 9, 10, 11], [1, 3, 4, 6, 8, 10, 11], [1, 2, 3, 4, 5, 7, 8, 10], [1, 4, 5, 6, 10, 11]]",6.125,0.7714542762891772,2.75
266,266,"[[1, 2, 6, 9, 10, 11], [1, 3, 4, 5, 6, 8, 10], [1, 3, 9], [1, 4, 5, 8], [3, 8, 9, 10, 11], [1, 3, 5], [3, 5, 6, 8, 10, 11], [2, 3, 6, 8]]",4.75,0.7970167702187486,2.625
267,267,"[[3, 5, 8, 9, 10, 11], [1, 2, 5, 9, 11], [1, 2, 3, 4, 5, 6, 7, 9, 10, 11], [1, 7, 9, 11], [1, 2, 6, 7, 8, 10, 11], [2, 5, 6, 8], [1, 2, 3, 4, 8, 9, 10], [1, 3, 4, 6, 9, 10]]",6.125,0.8586775814821835,3.0
268,268,"[[2, 3, 4, 6, 8, 9, 10], [1, 2, 3, 4, 7, 8, 9], [2, 3, 5, 6, 8, 9], [2, 5, 6, 8, 9, 10, 11], [3, 4, 5, 10], [1, 2, 4, 5, 9, 10], [1, 2, 3, 5, 6, 8], [2, 9, 11]]",5.75,0.8773384834252592,3.125
269,269,"[[3, 6, 8, 9], [2, 3, 6, 8, 9], [1, 2, 4, 5, 6, 8], [4, 5, 6, 7, 8, 10, 11], [1, 2, 3, 5, 8, 10, 11], [1, 2, 5, 7, 9, 11], [1, 4, 5, 7, 10, 11], [1, 4, 5, 6, 7, 8, 9, 11]]",6.125,0.922138891954147,2.75
270,270,"[[3, 5, 6, 7, 8, 9, 10], [1, 3, 4, 6, 8, 9, 10], [1, 3, 5, 6, 8], [2, 3, 4, 8, 9, 11], [3, 4, 5, 6], [1, 2, 6, 7, 9, 10, 11], [2, 6, 8, 9, 11], [4, 7, 8, 10]]",5.625,0.88706002933194,2.75
271,271,"[[1, 2, 4, 5, 7, 8, 11], [2, 5, 10, 11], [2, 3, 7, 8, 9, 10, 11], [2, 3, 7, 11], [1, 7, 8, 9], [2, 3, 7, 9, 10], [1, 3, 6, 8, 9, 11], [1, 3, 4, 6, 7, 8, 11]]",5.5,0.7723367478771191,2.75
272,272,"[[1, 2, 3, 4, 5, 6, 8, 9, 10], [3, 4, 5, 7, 8, 11], [1, 2, 4, 6, 7, 8, 9, 10, 11], [1, 3, 5, 9, 10, 11], [1, 2, 3, 7, 8, 9], [4, 5, 6, 7, 8, 9, 10, 11], [1, 4, 5, 6, 7, 8, 9, 10, 11], [3, 7, 10]]",7.0,0.9210407202268576,3.375
273,273,"[[3, 4, 5, 7, 8, 9, 11], [2, 3, 4, 5, 8, 11], [7, 10, 11], [1, 5, 6, 7, 10, 11], [1, 2, 8, 10, 11], [1, 2, 3, 4, 5, 8, 10], [1, 6, 7], [2, 4, 5, 6, 8, 9]]",5.375,0.7258231222558292,2.625
274,274,"[[1, 4, 8, 9], [2, 3, 5, 6, 8], [1, 6, 8, 9], [1, 4, 5, 6, 9], [2, 3, 4, 9, 10], [1, 3, 5, 7, 10, 11], [3, 5, 8], [1, 4, 6, 8, 9]]",4.625,0.7530940414109725,2.625
275,275,"[[1, 2, 6, 7, 9, 11], [1, 8, 10, 11], [3, 4, 5, 6, 7, 9, 10, 11], [2, 3, 7, 9, 11], [1, 3, 6, 8, 10, 11], [2, 4, 6, 8, 11], [1, 2, 3, 4, 5, 7, 10, 11], [1, 2, 4, 5, 7, 10]]",6.0,0.838997560496951,2.75
276,276,"[[1, 7, 9, 10], [3, 8, 9, 10], [2, 4, 5, 8, 11], [1, 2, 5, 6, 7, 8, 9], [1, 2, 3, 5, 8, 9, 10, 11], [1, 2, 3, 5, 6, 9, 10], [1, 2, 5, 6, 8, 9], [1, 2, 4, 5, 7, 8, 11]]",6.0,0.847482507775365,3.5
277,277,"[[5, 6, 7], [1, 2, 10], [3, 4, 5, 6, 7, 8, 11], [1, 2, 3, 4, 9, 11], [1, 4, 6, 8], [1, 2, 3, 4, 5], [3, 5, 7, 8, 9, 11], [2, 4, 5, 6, 9, 10, 11]]",5.125,0.8183918171270462,2.75
278,278,"[[1, 2, 3, 4, 7, 11], [1, 5, 8, 9, 11], [1, 2, 6, 8, 9, 11], [1, 4, 7, 8], [1, 2, 5, 6, 7, 8], [1, 3, 4, 5, 8, 11], [1, 2, 4], [6, 7, 8, 9, 10, 11]]",5.25,0.8800876708331912,2.75
279,279,"[[1, 2, 5, 6, 7, 8, 10, 11], [2, 3, 6, 7, 9], [1, 2, 4, 5, 10, 11], [6, 10, 11], [3, 5, 6, 8, 9, 10, 11], [1, 2, 4, 7, 8, 9, 10, 11], [1, 4, 5, 6, 8, 11], [1, 3, 7, 8, 11]]",6.0,0.8170571691028833,2.625
280,280,"[[3, 4, 5, 7, 9, 11], [1, 2, 4, 5, 6, 8, 9, 10], [4, 5, 7, 8, 9], [1, 2, 4, 6, 7, 11], [3, 5, 6, 7, 8], [2, 4, 5, 8, 11], [3, 5, 6, 7, 9, 10, 11], [4, 5, 7, 11]]",5.75,0.8984458631125747,2.875
281,281,"[[2, 3, 6, 9, 10], [2, 4, 5, 6, 7, 8, 9], [1, 4, 7, 8, 9, 11], [2, 4, 6, 8, 9, 11], [1, 6, 8, 10, 11], [1, 4, 5, 11], [1, 3, 6, 7, 8, 9, 11], [1, 2, 5, 9, 10]]",5.625,0.8798247707198268,2.875
282,282,"[[1, 3, 8, 9], [1, 6, 7, 9, 11], [3], [1, 2, 3, 5, 6, 8, 9, 10], [2, 3, 4, 8, 11], [1, 4, 5, 7, 8, 9], [2, 3, 4, 6, 7, 8, 11], [2, 3, 8, 9, 10, 11]]",5.25,0.8450290964162906,2.625
283,283,"[[2, 3, 4, 5, 7, 9, 10], [1, 2, 3, 5, 10, 11], [3, 5, 6, 8, 9, 10, 11], [1, 2, 3, 4, 6, 9], [1, 2, 3, 5, 7, 8, 11], [2, 4, 5, 6], [1, 3, 4, 7], [5, 6, 7, 8, 10]]",5.75,0.9363107919943217,2.875
284,284,"[[1, 2, 8], [3], [1, 2, 3, 4, 7, 11], [1, 4, 5, 6, 7, 8, 11], [3, 5, 6, 11], [4, 6, 7, 8, 10], [1, 2, 3, 4, 6, 7, 8, 9, 10, 11], [1, 4, 5, 6, 7, 8, 11]]",5.375,0.7824666287099551,2.25
285,285,"[[1, 3, 5, 11], [1, 5, 6, 7, 8, 9, 10, 11], [1, 2, 3, 5, 7, 11], [1, 2, 5, 6, 7, 9, 10], [2, 4, 5, 7, 8], [3, 4, 6, 7, 8, 9, 10, 11], [1, 6, 7, 9, 10], [1, 5, 7, 8, 9, 10, 11]]",6.25,0.8214005083884006,3.125
286,286,"[[1, 3, 4, 10], [1, 2, 3, 6, 7, 8, 9, 11], [2, 3, 4, 5, 8, 10], [1, 2, 3, 5, 11], [2, 3, 4, 7, 8, 9], [2, 3, 4, 6, 7, 10, 11], [4, 5, 6, 7], [2, 3, 5, 6, 7, 10, 11]]",5.875,0.8735137088723174,2.25
287,287,"[[3, 6, 10, 11], [2, 3, 4, 5, 6, 8, 9], [2, 5, 7], [6, 7, 11], [5, 7, 9, 10], [1, 4, 6, 7, 8, 9, 10, 11], [2, 3, 6, 7, 9, 10], [1, 4, 7, 8]]",4.875,0.9011271137791659,2.375
288,288,"[[1, 4, 5, 6, 7, 8], [1, 4, 6, 8, 10], [3, 5, 8, 11], [2, 3, 5, 6, 7, 8, 9, 11], [1, 9], [1, 2, 5, 7, 8], [1, 5, 8, 9, 10], [1, 2, 4, 6, 8, 9, 10]]",5.25,0.9192602612089176,3.125
289,289,"[[3, 4, 5, 6, 7, 10], [3, 5, 8, 9, 10, 11], [3, 4, 6, 7, 9, 10, 11], [3, 9, 10, 11], [6, 7, 8, 10, 11], [1, 2, 5, 7, 8], [1, 2, 3, 4, 6, 8, 9, 10], [1, 3]]",5.375,0.8167425637589314,2.875
290,290,"[[4, 6, 7, 10, 11], [2, 3, 4, 6, 7, 8, 10, 11], [3, 5, 8, 9], [2, 4, 7, 11], [1, 2, 5, 6, 8], [2, 5, 6, 8, 9, 10], [3, 5, 6, 7, 8, 10, 11], [1, 4, 5, 6, 7, 8, 9, 10]]",5.875,0.9063269671749656,2.75
291,291,"[[2, 3, 5, 6, 9, 10, 11], [1, 3, 9, 11], [1, 3, 4, 5, 7, 9, 10], [1, 3, 5, 8, 11], [1, 3, 4, 5, 6, 10, 11], [2, 4, 5, 6, 8], [1, 2, 5, 7, 10], [6, 7]]",5.25,0.9429080709444059,2.625
292,292,"[[1, 2], [1, 2, 4, 5, 6, 7, 9], [1, 2, 3, 6, 8, 10], [3, 4, 5, 7, 9, 10], [2, 3, 4, 6, 8, 9, 11], [3, 4, 5, 7, 8, 11], [2, 4, 5, 7, 8], [2, 3, 4, 5, 7, 8, 10]]",5.75,0.9579800376356288,2.75
293,293,"[[2, 4, 6, 8, 9, 10], [2, 3, 4, 5, 7, 8, 9, 10], [5, 7, 11], [1, 5, 8, 9, 10, 11], [2, 5, 6, 7, 10], [3, 5, 6, 7, 10], [1, 4, 5, 6, 7, 9], [4, 5, 6, 7, 10, 11]]",5.625,0.8800876708331912,3.375
294,294,"[[1, 4, 5, 6, 7, 10], [10], [4, 5, 7, 8, 11], [4, 5, 6, 7, 10], [1, 2, 6, 8, 9], [2, 5, 6, 8, 9, 11], [6, 7, 8, 10, 11], [1, 3, 4, 6, 7, 11]]",4.875,0.8867924528301884,2.75
295,295,"[[2, 4, 6, 8, 10], [4, 5, 6, 7, 8, 9, 10], [1, 3, 6, 7, 9], [3, 4, 7], [2, 3, 4, 7, 10, 11], [1, 6, 9], [1, 3, 5, 6, 7, 9, 10, 11], [4, 7, 11]]",5.0,0.9112931795128764,2.5
296,296,"[[1, 3, 5, 6, 8, 11], [3, 5, 6, 8, 9, 10], [1, 3, 4, 5, 7, 8, 10, 11], [3, 4, 10], [1, 6, 9], [3, 4, 5, 7, 8, 10, 11], [1, 2, 3, 4, 7, 8, 9], [1, 2, 10]]",5.375,0.8183918171270462,2.875
297,297,"[[1, 3, 4, 5, 6, 9, 10, 11], [1, 3, 4, 5, 6], [1, 3, 5, 7, 10, 11], [1, 4, 5, 8, 10, 11], [6, 8, 10, 11], [4, 5, 9], [2, 3, 4, 5, 9, 10, 11], [3, 6, 8, 9, 10, 11]]",5.625,0.8170571691028833,3.0
298,298,"[[1, 4, 6, 8, 9, 11], [2, 3, 4, 6, 7], [1, 2, 3, 5, 6, 8, 9, 10], [1, 4, 5], [3, 5, 6, 11], [2, 10], [1, 2, 3, 8, 10, 11], [3, 5, 6, 7, 8, 11]]",5.0,0.9032316082431439,2.5
299,299,"[[1, 2, 3, 4, 5, 10], [1, 4, 6, 7, 10], [4, 6, 7, 11], [1, 4, 5, 7, 8, 9, 11], [1, 3, 4, 5, 6, 7, 8, 10], [2, 4, 5, 7, 10, 11], [2, 5, 6, 9, 10, 11], [1, 2, 4, 5, 7, 11]]",6.0,0.8563849915759256,3.0
300,300,"[[1, 2, 5, 6, 7, 8, 9, 10, 11], [2, 5, 6, 7, 9, 10], [2, 4, 5, 6, 7, 9, 10], [2, 5, 6, 8, 9, 11], [3, 5, 6, 11], [1, 4, 5, 7, 9, 10], [3, 6, 8, 11], [2, 6, 7, 10]]",5.75,0.8614145015460282,3.375
301,301,"[[1, 2, 7, 11], [1, 2, 3, 4, 5, 7, 8, 10], [3, 4, 5, 7, 10], [1, 4, 8, 10], [1, 2, 3, 5, 6, 7, 9, 10, 11], [1, 2, 3, 4, 5, 6, 9, 10, 11], [2, 9, 10, 11], [6, 8, 11]]",5.75,0.7557246132816445,2.875
302,302,"[[2, 3, 4, 6, 7, 8, 10], [3, 10, 11], [1, 5, 7, 8, 11], [1, 3, 7, 9], [5, 6, 7, 8, 10, 11], [1, 3, 4, 5, 6, 7, 9, 10, 11], [4, 7, 9, 10, 11], [6, 8, 9]]",5.25,0.826033187630902,2.625
303,303,"[[3, 4, 6, 7, 11], [6, 10], [5, 9, 11], [3, 4, 5, 6, 9, 10, 11], [5, 9, 11], [2, 5, 7, 9, 10, 11], [1, 4, 7, 10], [3, 4, 6, 7, 9, 10, 11]]",4.625,0.9104097766199729,3.125
304,304,"[[2, 3, 4, 5, 6, 7, 8, 10, 11], [1, 3, 6, 7, 9, 10, 11], [9, 10, 11], [3, 9, 10], [1, 2, 3, 4, 6, 7, 10], [3], [3, 5, 8, 9, 10], [2, 3, 6]]",4.75,0.7824666287099551,2.25
305,305,"[[3, 5, 6, 9, 10], [1, 2, 3, 5, 7, 8], [2, 3, 8, 9, 10], [3, 4, 5, 7, 8, 9, 11], [5, 11], [1, 2, 4, 6, 10], [2, 3, 8, 9, 10], [4, 7, 10]]",4.75,0.8967162839967624,3.0
306,306,"[[1, 2, 6, 9, 11], [1, 2, 4, 5, 8, 9, 10, 11], [2, 11], [1, 3, 8, 10, 11], [1, 2, 3, 4, 7, 9, 10], [1, 2, 3, 6, 10, 11], [1, 2, 4, 5, 6, 7, 8, 11], [1, 4, 5, 9, 11]]",5.75,0.8707023821040814,2.875
307,307,"[[1, 3, 5, 6, 7, 8, 11], [2, 3, 6, 8, 11], [1, 8, 9], [4, 5, 7, 10], [1, 2, 3, 5, 6, 7, 8, 9, 10, 11], [3, 5, 7, 8], [3, 4, 5, 7, 8, 9, 10], [1, 3, 5, 6, 7, 8, 11]]",5.875,0.7714542762891772,2.875
308,308,"[[5, 6, 8, 9, 10], [1, 3, 4, 5, 7, 11], [4, 7, 8, 9, 10], [1, 3, 4, 5, 8, 10, 11], [1, 2, 4, 7, 8, 10], [1, 3, 4, 5], [1, 4, 5, 6, 7, 8, 9, 10, 11], [1, 4, 5, 6, 7, 8, 9, 10]]",6.25,0.9187139387633941,3.25
309,309,"[[2, 4, 5, 7, 8, 9, 11], [7, 9, 10], [1, 3, 4, 7, 8, 9, 10], [3, 5, 7, 8, 9, 11], [2, 3, 5, 6, 8], [1, 5, 6, 7, 8, 9], [1, 2, 3, 4, 5, 8], [2, 3, 6, 8, 11]]",5.625,0.8814135826059367,3.0
310,310,"[[1, 2, 3, 4, 5, 7, 10, 11], [2, 5, 6, 7, 9], [1, 2, 4, 9, 10], [1, 2, 3, 5, 6, 7, 10, 11], [5, 7], [1, 3, 4, 5, 6, 9, 10, 11], [1, 6, 7, 8, 10, 11], [3, 5, 10, 11]]",5.75,0.8480636877269266,2.625
311,311,"[[2, 5, 6, 10], [1, 4, 6, 7, 8, 9], [1, 2, 3, 6, 7, 10], [1, 2, 4, 7, 8, 9], [2, 3, 4, 6, 7, 8], [1, 2, 5, 6, 10, 11], [1, 2, 3, 10, 11], [2, 4, 6, 9, 10]]",5.5,0.850897158313491,2.375
312,312,"[[2, 3, 4, 6, 8, 10, 11], [3, 4, 5, 9, 10, 11], [3, 6, 7, 9, 10], [2, 3, 4, 5, 6, 8], [1, 2, 3, 5, 6, 10, 11], [4, 5, 7, 11], [2, 5, 6, 11], [1, 2, 3, 5, 6, 8, 9]]",5.75,0.9152492334988813,2.875
313,313,"[[2, 4, 5, 7], [2, 3, 4, 6, 10, 11], [1, 4, 5, 6, 7, 11], [3, 6, 8], [1, 4, 6, 8, 10, 11], [3, 4, 5, 8, 9, 10, 11], [2, 3, 4, 6, 8, 11], [1, 2, 3, 5, 8, 10, 11]]",5.625,0.9158670167807389,2.125
314,314,"[[3, 4, 5, 6, 7, 8, 9, 10, 11], [1, 2, 3, 5, 11], [2, 3, 5, 7, 10], [1, 2, 3, 4, 6, 7, 8, 11], [2, 8, 9, 10, 11], [1, 3, 5, 8, 9], [2, 3, 4, 8, 11], [1, 2, 3, 7, 8]]",5.875,0.71156806696482,2.875
315,315,"[[1, 2, 3, 4, 8, 9], [1, 3, 4, 6, 8, 9, 10], [1, 4, 5, 10, 11], [1, 3, 8, 9], [1, 3, 4, 5, 8, 9, 10], [5, 7, 8], [2, 3, 5, 8, 10], [3, 4, 5, 6, 9, 10, 11]]",5.5,0.8765212140504643,3.0
316,316,"[[1, 3, 4, 5, 7, 8, 9], [2, 3, 5, 7, 8, 9], [2, 4, 6, 7, 8, 9, 10], [1, 4, 5, 9], [1, 3, 4, 5, 7, 9, 10], [1, 3, 4, 6, 8, 10], [4, 6, 10], [3, 4, 5, 9, 10]]",5.625,0.8910421112136305,3.125
317,317,"[[1, 4, 5, 7, 8, 9, 10], [1, 2, 4, 5, 7, 10], [1, 5, 6, 7, 8, 10], [1, 5, 6, 10], [2, 3, 5, 6, 7, 9, 10, 11], [1, 2, 5, 6, 8, 9, 11], [1, 3, 5, 7, 8, 9, 10, 11], [2, 3, 4, 5, 7, 8, 9, 11]]",6.75,0.9090648228942843,3.625
318,318,"[[1, 2, 3, 4, 5, 6, 8, 9, 11], [1, 2, 3, 5, 6, 8, 10, 11], [1, 2, 3, 6, 7], [1, 2, 3, 7, 8, 9, 11], [1, 2, 4, 5, 6, 10], [3, 4, 7, 9, 10], [3, 4, 5, 6, 9, 10], [2, 6, 8, 9]]",6.25,0.8086100316852765,2.875
319,319,"[[1, 3, 4, 5, 7, 8, 11], [1, 3, 6, 10, 11], [2, 5, 6], [2, 3, 4, 6, 7, 8, 9, 11], [1, 6, 8, 9], [4, 6, 7], [1, 3, 5, 6, 8, 10, 11], [2, 3, 4, 5, 6, 7]]",5.375,0.8774535953713307,2.0
320,320,"[[1, 2, 3, 9, 10, 11], [1, 2, 3, 5, 10, 11], [2, 5, 6], [1, 2, 3, 6, 8], [4, 5, 6, 7, 10, 11], [1, 7, 9], [2, 3, 5, 6, 7, 8, 9, 10, 11], [5, 6, 7, 10, 11]]",5.375,0.8910421112136305,2.75
321,321,"[[2, 3, 4, 9, 11], [1, 3, 5, 7], [1, 2, 3, 5, 10], [3, 6, 8, 9, 10], [1, 2, 4, 8, 9, 10, 11], [1, 3, 4, 5, 8, 11], [2, 4, 8, 9], [1, 5, 7, 8, 9]]",5.125,0.7986208584745025,2.875
322,322,"[[1, 3, 4, 7, 8, 10, 11], [1, 2, 3, 4, 5, 8, 9], [1, 2, 7, 8, 9], [2, 3, 4, 8, 9, 10, 11], [2, 3, 6, 7, 10, 11], [3, 4, 5, 7, 9, 11], [2, 3, 6, 7, 9, 10], [6, 10]]",5.75,0.8936230340400261,2.875
323,323,"[[2, 4, 7, 9, 10], [1, 3, 6, 8, 9, 10, 11], [1, 2, 5, 7, 8, 10, 11], [1, 2, 3, 6, 7, 8, 9, 10], [2, 3, 4, 5, 6, 7, 9, 10, 11], [2, 3, 5], [1, 5], [2, 3, 4, 5, 6, 7, 10]]",6.0,0.9216375832428575,2.875
324,324,"[[2, 6, 8, 9, 11], [1, 2, 4, 5, 6, 7, 8, 9], [4, 6, 10, 11], [1, 3, 4, 5, 8, 9], [1, 2, 3, 9], [3, 4, 8, 9, 10], [1, 2, 3, 6, 9], [1, 2, 5]]",5.0,0.7564959451358696,3.125
325,325,"[[2, 7, 8, 9, 10, 11], [2, 7, 9], [4, 5, 6, 7, 10], [1, 2, 3, 7, 8, 10], [1, 4, 6, 7, 9, 11], [1, 3, 4, 6, 7, 8, 10, 11], [1, 2, 5, 9, 10], [1, 2, 5, 8, 9, 10, 11]]",5.75,0.8228642788907664,2.75
326,326,"[[2, 3, 4, 5, 7, 8, 9, 11], [1, 2, 3, 6, 8, 9, 10, 11], [2, 5, 6, 8, 9, 11], [6, 8, 9, 10], [1, 4, 6, 9, 11], [4, 5, 6, 8, 9, 10], [1, 3, 7, 8, 9], [1, 2, 4, 7, 10, 11]]",6.0,0.8986530299261298,3.25
327,327,"[[2, 3, 4, 5, 7, 9, 11], [1, 2, 3, 4], [1, 3, 5, 8, 11], [2, 3, 4, 5, 7, 11], [4, 6, 9, 10], [3, 5, 7, 9], [1, 3, 4, 9], [2, 4, 7, 8]]",4.75,0.8802521577223179,2.5
328,328,"[[3, 6, 8, 10, 11], [1, 4, 5, 7, 9, 11], [2, 3, 6, 9, 10], [1, 2, 4, 7, 9, 10], [5, 10, 11], [3, 7, 8, 9, 11], [2, 4, 5, 7, 8, 10], [1, 2, 3, 5, 6, 7, 8]]",5.375,0.7970167702187486,3.0
329,329,"[[6, 7, 8, 9], [1, 5, 7, 8, 9, 10], [1, 2, 3, 4, 5, 8, 9], [3, 4, 5, 6, 7, 10, 11], [1, 2, 9, 11], [3, 5, 7, 9, 10, 11], [1, 4, 6, 8, 10, 11], [1, 2, 3, 5, 6, 7, 8, 9, 11]]",6.125,0.8795345820836616,3.125
330,330,"[[3, 4, 5, 9], [6, 10, 11], [1, 2, 3, 4, 8, 11], [1, 2, 3, 10, 11], [1, 2, 5, 6, 7, 8], [1, 2, 5, 8, 9, 10], [2, 6, 10], [1, 3, 4, 5, 8, 9, 10, 11]]",5.125,0.8170571691028833,2.625
331,331,"[[1, 2, 3, 4, 5, 7, 9, 10], [2, 4, 10, 11], [1, 4, 5, 6, 7, 8, 10], [1, 3, 4, 6, 7, 8, 9, 10], [5, 6, 7, 8, 10, 11], [3, 7, 8], [1, 6, 9, 11], [2, 3, 7, 8, 9]]",5.625,0.7857142857142857,2.375
332,332,"[[1, 6, 8, 10], [1, 2, 4, 5, 9], [1, 3, 7, 8, 9, 11], [1, 2, 6, 8, 9, 10], [1, 2, 6, 7, 9, 11], [1, 2, 5, 10], [5, 6, 7, 8, 11], [2, 3, 4]]",4.875,0.8648891787558115,2.625
333,333,"[[2, 3, 6, 7, 9, 10], [3, 4, 5, 6, 7, 9, 11], [1, 4, 5, 6, 7, 8], [2, 3, 4, 5, 7, 8, 9, 10, 11], [1, 3, 4, 5, 7, 8, 9, 11], [1, 2, 4, 6, 8, 10], [4, 5, 8, 9, 11], [4, 5, 7, 8, 10]]",6.5,0.9347914005228523,3.375
334,334,"[[7, 9, 11], [1, 4, 6, 9, 11], [1, 3, 7, 10], [1, 3, 4, 7, 10, 11], [2, 5, 8, 10], [1, 2, 3, 5, 7, 9, 10], [3, 6, 10, 11], [1, 3, 5, 6, 7, 11]]",4.875,0.9197030273607808,2.75
335,335,"[[3, 5, 6, 9], [1, 2, 5, 7, 9, 10, 11], [2, 3, 5, 6, 8], [5, 6, 7, 9, 11], [3, 4, 8, 9], [1, 6, 7, 8], [1, 2, 5, 9, 10], [1, 2, 4, 5, 6, 7, 10, 11]]",5.25,0.7905166500277392,2.625
336,336,"[[1, 2, 3, 5, 10, 11], [1, 3, 5, 6, 9], [2, 3, 4, 5, 8, 10], [4, 6, 8, 10], [1, 3, 6, 8, 9, 10, 11], [1, 2, 3, 8, 10], [3, 4, 6, 7, 11], [1, 2, 3, 4, 5, 7, 8, 9, 10, 11]]",6.0,0.9031771958327616,2.875
337,337,"[[2, 8, 11], [1, 2, 3, 5, 6, 7, 8, 9, 10], [5, 7, 9, 11], [1, 2, 3, 4, 5, 6, 7, 8, 9, 11], [1, 2, 3, 6, 7, 9, 11], [1, 2, 6, 11], [1, 3, 8, 10], [1, 2, 4, 5, 7, 8]]",5.875,0.8660254037844387,3.0
338,338,"[[1, 2, 3, 5, 6, 7, 8, 9, 11], [1, 2, 9, 10, 11], [1, 2, 4, 6], [2, 5, 7], [3, 5, 6, 7, 10], [1, 3, 4, 5, 7, 9, 10, 11], [8, 9, 10], [2, 5, 8, 10]]",5.125,0.8660254037844387,2.875
339,339,"[[1, 2, 5, 7, 9], [5, 8, 10, 11], [6, 7, 8, 9, 10], [2, 4, 5, 6, 7], [1, 2, 3, 5, 8, 9], [1, 6, 7, 9], [2, 4, 5, 6, 7, 10], [1, 5, 6]]",4.75,0.8170571691028833,3.0
340,340,"[[4, 5, 7, 8, 9, 11], [1, 2, 3, 5, 6, 10, 11], [1, 3, 4, 5, 6, 8], [2, 3, 4, 5, 6, 8, 9, 11], [1, 2, 3, 6, 11], [7, 11], [1, 3, 4, 5, 6, 11], [1, 3, 5, 6, 7, 8]]",5.75,0.8690582965637672,3.0
341,341,"[[1, 3, 5, 6], [1, 2, 4, 8], [1, 2, 5, 6, 8, 9, 10], [2, 3, 5, 6, 7, 10], [2, 3, 5, 6, 8], [4, 9, 11], [2, 5, 6, 7], [3, 5, 6, 9]]",4.625,0.8473561366746855,2.375
342,342,"[[1, 2, 3, 4], [2, 3, 6, 7, 8, 9, 11], [1, 2, 4, 5, 6, 8], [3, 5, 6, 10], [1, 2, 4, 5, 8, 9], [4, 5, 6, 7, 9, 11], [1, 2, 5, 6, 8, 9, 10, 11], [1, 6, 8, 11]]",5.625,0.9037378388935388,3.125
343,343,"[[1, 2, 6, 7, 9, 11], [2, 4, 7, 8, 11], [1, 2, 3, 4, 6, 8, 9, 10], [4, 6, 8, 10], [4, 5, 6, 7, 9, 10, 11], [2, 3, 4, 7, 8, 11], [1, 6, 7, 9, 10], [1, 2, 3, 5, 7, 8, 9, 11]]",6.125,0.8938824262631287,2.875
344,344,"[[3, 4, 6, 7, 8, 9], [2, 4, 5, 7, 9, 10], [2, 3, 5, 7, 8, 9, 10, 11], [2, 4, 6, 8, 10], [1, 3, 4, 6, 7, 10], [6, 7, 10, 11], [1, 5, 6, 7, 9], [2, 5, 7, 8, 11]]",5.625,0.8785175323072534,2.75
345,345,"[[1, 3, 7, 9, 10, 11], [1, 2, 3, 4, 5, 6, 8, 10, 11], [1, 4, 5, 6, 7, 8], [1, 4, 6, 9], [1, 2, 3, 4, 5, 6, 10], [1, 2, 3, 5, 7, 8, 10, 11], [1, 2, 6, 8, 9, 10], [2, 3, 4, 6, 7, 8, 9]]",6.625,0.9355701257605871,2.75
346,346,"[[3, 9], [1, 7, 8, 9, 10, 11], [2, 3, 5, 7, 8], [2, 4, 5, 11], [4, 7, 10], [3, 5, 7, 9, 10, 11], [3, 5, 7, 9, 10], [1, 2, 4, 5, 7, 8, 10, 11]]",4.875,0.7543422685124546,2.625
347,347,"[[2, 4, 6, 8, 11], [3, 5, 6, 7], [1, 2, 3, 6, 9, 10], [1, 2, 5, 8, 10], [1, 2, 6, 7, 8, 9, 10], [1, 2, 3, 4, 5, 7, 8, 10], [1, 3, 7, 10], [1, 2, 5, 6, 7, 8, 10, 11]]",5.875,0.9035079029052513,2.5
348,348,"[[1, 2, 8, 9, 11], [6, 10], [1, 3, 5, 8, 9, 10], [4, 6, 9, 10], [1, 2, 3, 4, 7, 9], [3, 4, 5, 6, 8, 11], [3, 5, 8, 9, 10, 11], [3, 6, 9, 10, 11]]",5.0,0.8764236975455807,3.125
349,349,"[[3, 5, 7, 8, 9, 10, 11], [1, 2, 3, 4, 6, 8, 10, 11], [1, 6, 9, 11], [1, 2, 4, 6, 7], [1, 2, 4, 5, 6], [1, 3, 5, 8, 9], [2, 3, 4, 5, 7, 8, 10, 11], [1, 2, 3, 4, 5, 6, 8, 10]]",6.25,0.9418626249146713,3.0
350,350,"[[4, 5, 6, 7, 9, 11], [1, 2, 3, 4, 5, 6, 7, 8], [3, 5, 7, 8, 9, 11], [1, 3, 4, 5, 8, 10], [1, 2, 3, 8], [1, 2, 3, 4, 5, 7], [1, 4, 5, 6, 7, 11], [2, 3, 4, 6, 8]]",5.875,0.7940666671767441,2.75
351,351,"[[1, 6, 9], [1, 6, 8], [2, 3, 4, 5, 6, 7, 8, 10], [1, 4, 6, 7, 8, 11], [2, 3, 5, 6, 10, 11], [1, 2, 5, 6, 8, 9, 10], [1, 2, 4, 6, 8, 9], [2, 3, 4, 5, 7, 8, 9, 10]]",5.875,0.8660254037844386,3.0
352,352,"[[2, 3, 6, 7, 8, 10], [1, 2, 4, 5, 8, 9, 10], [2, 4, 6, 7, 8], [1, 5, 6, 9, 11], [1, 2, 3, 5, 11], [1, 6, 7, 11], [2, 3, 4, 5, 8, 9, 10, 11], [1, 3, 10, 11]]",5.5,0.8407176452757652,2.625
353,353,"[[1, 3], [1, 3, 5, 6, 7, 9, 10], [1, 2, 6], [4, 5, 8, 9, 10], [1, 4, 7, 10, 11], [2, 3, 6, 7, 8, 9, 10, 11], [2, 3, 4, 5, 6, 8, 9], [2, 5, 7]]",5.0,0.9011271137791662,2.5
354,354,"[[2, 3, 5], [2, 3, 5, 6, 8, 9, 10], [1, 2, 3, 4, 6, 11], [1, 2, 3, 8, 11], [4, 6, 7, 8, 11], [1, 2, 4, 5, 8, 10, 11], [1, 2, 3, 4, 6, 7, 10, 11], [4, 7, 11]]",5.5,0.9180685555956792,2.25
355,355,"[[3, 5, 6, 7, 8, 9], [1, 2, 5, 9, 10, 11], [1, 3, 6, 7], [1, 2, 3, 6, 10], [1, 3, 5, 7, 11], [3, 5, 11], [1, 2, 4, 5, 7, 8, 10], [2, 7, 8, 9, 10]]",5.125,0.7835709362518455,2.75
356,356,"[[1, 4, 8, 9, 11], [4, 6, 7, 9, 10], [1, 2, 5, 6, 10], [3, 7, 8, 10], [5, 7, 8, 9, 10, 11], [1, 4, 5, 6], [3, 4, 9, 10], [2, 4, 8, 9, 10, 11]]",4.875,0.8705149382958673,3.0
357,357,"[[3, 6, 7], [1, 3, 5, 6, 10], [2, 3, 4, 5, 7, 8, 9, 11], [1, 4, 6, 10, 11], [1, 2, 5, 7, 8, 9, 10, 11], [1, 3, 7, 10], [6, 7, 10], [2, 3, 6, 8, 11]]",5.125,0.8461538461538461,2.375
358,358,"[[1, 3, 5, 6, 9, 10, 11], [1, 2, 3, 4, 5, 8, 10, 11], [2, 3, 5, 10], [2, 3, 5, 7, 8, 9, 10], [1, 2, 4, 6, 7, 11], [1, 2, 4, 5, 6, 7, 9, 11], [1, 4, 7, 8, 9, 10], [5, 6]]",6.0,0.8589058727506839,3.0
359,359,"[[1, 6, 7, 9], [1, 4, 6, 8, 11], [4, 5, 8, 9], [2, 3, 4, 5, 6, 7, 10], [1, 4, 5, 7, 8, 9, 11], [2, 3, 4, 6], [1, 2, 5, 6, 8, 10], [1, 2, 5, 6, 8]]",5.25,0.8845789384979692,2.5
360,360,"[[1, 4, 5, 11], [5, 7, 8, 9, 11], [1, 3, 5, 7, 9, 10], [1, 8, 10], [1, 3, 5, 7, 8, 9, 10, 11], [2, 4, 5, 8, 11], [1, 2, 3, 4, 11], [1, 2, 5]]",4.875,0.8196457591063372,3.125
361,361,"[[3, 6, 8, 9], [3, 4, 7, 8, 10, 11], [1, 2, 3, 7, 8, 10], [2, 3, 4, 5, 6, 8, 9, 11], [2, 3, 4, 5, 6, 7, 10], [2, 6, 11], [1, 2, 3, 6, 7, 11], [3, 4, 5, 8, 10, 11]]",5.75,0.8383383833392811,2.375
362,362,"[[1, 2, 4, 6, 8, 9, 11], [1, 2, 10, 11], [4, 5, 7, 8], [1, 2, 4, 6], [1, 3, 6, 7, 8, 9, 10, 11], [2, 8, 9, 11], [5, 6, 9, 11], [1, 2, 5, 9, 10, 11]]",5.125,0.8066458372638315,2.75
363,363,"[[2, 4, 5, 6, 8, 9], [1, 2, 7, 9, 10, 11], [1, 2, 3, 4, 5, 9], [1, 4, 5, 7, 8, 9, 11], [1, 2, 4, 5, 6, 10], [2, 3, 4, 5, 6, 7], [1, 2, 5, 9], [1, 4, 7, 8, 10, 11]]",5.875,0.8531657465257123,2.875
364,364,"[[4, 11], [1, 5, 7, 8, 10], [3, 4, 5, 6, 9, 11], [1, 2, 4, 6, 10], [3, 6, 7, 8, 9, 11], [3, 4, 8], [1, 3, 6, 8, 9, 11], [1, 3, 4, 9, 10, 11]]",4.875,0.8170571691028833,2.5
365,365,"[[1, 2, 5, 7, 8, 9, 11], [4, 5, 6, 7, 9, 11], [1, 2, 7, 9, 10], [2, 5, 6, 7, 8, 10, 11], [1, 3, 4, 8, 9, 10, 11], [4, 5, 7, 9, 10], [2, 3, 6, 7, 11], [2, 3, 4, 7, 9, 10]]",6.0,0.901969650121338,3.25
366,366,"[[1, 2, 3, 5, 6, 7, 8, 10], [4, 5, 6, 7, 8, 9, 10, 11], [1, 3, 6, 8, 9, 10], [1, 3, 4, 5, 7], [2, 4, 5, 8, 10], [1, 2, 4, 5, 6, 7, 8, 9, 11], [2, 4, 6, 7], [2, 7, 11]]",6.0,0.9462555234916723,2.75
367,367,"[[1, 5, 6, 9, 10, 11], [1, 5, 7, 8, 10, 11], [1, 4, 7, 9, 10, 11], [2, 4, 5, 7, 8, 10], [3, 5, 7, 10, 11], [1, 3, 4, 5, 8, 10, 11], [4, 7, 8], [1, 5, 6, 7, 9, 10]]",5.625,0.9262193035710983,2.875
368,368,"[[3, 4, 5, 6, 7, 8, 9, 10], [5, 6, 7, 8, 9, 11], [2, 4, 8, 9, 10, 11], [5, 6, 8], [1, 4, 6, 10], [4, 5, 7, 9, 10], [1, 4, 5, 6, 8], [1, 3, 5, 10]]",5.125,0.878945897006366,3.0
369,369,"[[2, 3, 4, 6, 8], [2, 5, 6, 8, 9], [4, 6, 8, 9], [1, 3, 6, 7, 8], [1, 5, 7, 9, 10], [2, 3, 7, 8, 10], [1, 2, 3, 6, 9, 11], [7, 8]]",4.625,0.888661705132062,1.75
370,370,"[[2, 4, 6, 8, 11], [3, 5, 6, 7, 8, 10, 11], [1, 2, 4, 6, 9, 11], [1, 2, 3, 4, 5, 6, 7, 9, 10, 11], [1, 2, 4, 5, 7, 9, 10], [1, 3, 5, 6, 7, 10, 11], [1, 2, 3, 4, 6, 8, 11], [1, 2, 4, 5, 7, 8, 9, 10]]",7.125,0.9602145913302446,3.125
371,371,"[[4, 6, 7, 9, 10], [2, 4, 6, 7, 10], [1, 3, 5, 6, 7, 8, 11], [1, 3, 5, 7, 9, 10, 11], [1, 3, 4, 5, 6, 7, 8, 11], [1, 6, 7, 10], [3, 5, 10, 11], [2, 5, 6, 8, 9, 10]]",5.75,0.8995875617886345,3.0
372,372,"[[2, 3, 5, 6], [2, 3, 4, 6, 7, 9, 10], [1, 4, 5, 7, 10, 11], [1, 2, 3, 5, 7, 10, 11], [1, 3, 5, 7, 8, 9], [1, 2, 3, 5, 7, 8, 9], [3, 4, 5, 7, 10], [2, 5, 7, 8, 9, 10, 11]]",6.125,0.8831168831168831,3.125
373,373,"[[1, 2, 3, 4, 5, 8, 11], [1, 2, 3, 5, 6, 9], [2, 5, 6, 7], [1, 2, 6, 7], [3, 4, 5, 9, 10], [1, 3, 4, 6, 8, 9, 10], [3, 6, 7, 8, 11], [4, 5, 6, 7, 11]]",5.375,0.8214005083884005,2.75
374,374,"[[2, 4, 7, 10], [1, 2, 3, 4, 5, 8, 10, 11], [2, 3, 7, 9, 10], [2, 3, 5, 8], [1, 3, 4, 7, 10], [2, 5, 6, 7], [1, 2, 4, 5, 6, 9, 10], [1, 6, 9]]",5.0,0.8748177652797063,2.375
375,375,"[[4, 7, 8, 9, 10], [2, 3, 4, 5, 6, 9, 11], [2, 7, 8, 11], [1, 2, 4], [2, 3, 4, 6, 7, 8, 9, 11], [4, 7, 9, 10], [2, 5, 8, 10, 11], [4, 7, 8, 9, 10, 11]]",5.25,0.8485552916276632,2.875
376,376,"[[2, 3, 6, 7, 9, 11], [5, 8, 9, 10], [2, 4, 7, 10, 11], [5, 7, 10, 11], [1, 2, 5, 6, 10, 11], [1, 4, 6, 7, 9, 10], [2, 3, 4, 6, 8, 9, 10], [2, 4, 6, 7, 8]]",5.375,0.9035079029052512,2.625
377,377,"[[1, 3, 6, 7, 9], [1, 3, 5, 6, 7, 8, 9, 10], [3, 6, 7, 8, 10], [5, 10], [1, 2, 5, 6, 7, 9, 11], [1, 5, 6, 8, 11], [1, 2, 3, 6, 7], [3, 5, 6, 8, 9, 11]]",5.375,0.9253731343283582,3.125
378,378,"[[1, 2, 7, 8, 9, 11], [1, 2, 4, 6, 8, 10, 11], [1, 3, 6, 10], [1, 2, 3, 6, 9, 10], [1, 2, 6, 9, 10], [1, 3, 4, 5, 10, 11], [2, 3, 4, 6, 7, 8, 11], [1, 3, 5, 7, 8, 11]]",5.875,0.8694587518061742,2.625
379,379,"[[5, 7, 8, 9, 10, 11], [1, 5, 9, 10, 11], [1, 4, 6, 7, 8, 10], [1, 7, 9], [1, 2, 7, 10], [3, 5, 7, 9, 10, 11], [2, 7, 8, 9], [1, 3, 4, 5, 7, 10, 11]]",5.125,0.7970167702187486,2.875
380,380,"[[3, 5, 6, 8, 10, 11], [2, 3, 7, 10, 11], [1, 4, 5, 7, 8], [1, 5, 9, 11], [1, 2, 6, 9, 11], [3, 6, 7, 9, 10], [1, 2, 3, 4, 5, 6, 7, 8, 9, 10], [1, 2, 6, 7, 8, 10, 11]]",5.875,0.9379366108168787,3.0
381,381,"[[3, 4, 5, 6, 7, 8, 10, 11], [5, 6, 8, 9], [1, 3, 4, 5, 6, 8, 9, 10], [3, 5, 6, 10, 11], [1, 3, 4, 6, 7, 8, 9, 10], [2, 5, 11], [1, 5, 6, 7, 8, 9, 10], [1, 2, 3, 5, 7, 10, 11]]",6.25,0.8660254037844387,3.125
382,382,"[[1, 2, 8], [1, 2, 7, 11], [1, 3, 4, 5, 8, 9, 10, 11], [2, 4, 10], [2, 3, 4, 9, 10], [6, 7, 11], [2, 4, 6, 7, 8, 9, 10], [2, 3, 7, 9, 10, 11]]",4.875,0.8357661056711407,2.625
383,383,"[[2, 8, 9, 11], [1, 2], [6, 9, 10, 11], [1, 2, 7, 10, 11], [2, 3, 5, 9, 10, 11], [6, 8, 9, 11], [2, 3, 4, 5, 6, 8, 9, 10], [1, 3, 4, 5, 6, 7, 9, 10]]",5.125,0.8201566952911606,3.125
384,384,"[[2, 3, 7, 11], [2, 3, 4, 5, 7, 10, 11], [4, 8, 10], [1, 5, 7, 8, 11], [2, 3, 10, 11], [1, 2, 3, 5, 8], [1, 5, 6, 8, 10], [1, 2, 4, 8, 9, 11]]",4.875,0.826033187630902,2.625
385,385,"[[2, 3, 4, 7, 8], [1, 2, 3, 5, 6, 7, 8, 9, 11], [1, 4, 7, 11], [1, 5, 6, 8, 9, 10], [1, 2, 3, 5, 6, 7, 8, 9, 10, 11], [1, 2, 5, 6, 10], [1, 2, 3, 5, 9, 10, 11], [4, 5, 8, 9, 10, 11]]",6.5,0.8964691587972953,3.125
386,386,"[[3, 4, 5, 6, 7, 8, 9, 11], [1, 4, 5, 8, 10, 11], [1, 2, 9], [2, 6, 8], [4, 6, 7, 8, 9, 10], [4, 7, 9, 11], [3, 4, 5, 6, 8, 9, 10], [2, 5, 6, 8, 11]]",5.25,0.7714542762891772,2.875
387,387,"[[2, 4, 6, 7, 8, 10], [2, 6, 7, 8, 9, 11], [2, 3, 5, 10], [2, 5, 6, 9], [1, 7, 8, 11], [1, 4, 8], [2, 3, 8, 9], [1, 6, 7, 9]]",4.375,0.7834690267753389,2.25
388,388,"[[1, 3, 4, 5, 7, 8, 10], [1, 2, 4, 5, 6, 7, 8, 11], [1, 5, 8, 9, 10], [1, 3, 5, 7, 10], [2, 4, 5, 7, 8, 10], [1, 3, 4, 5, 8, 9], [2, 3, 4, 5, 6, 11], [1, 2, 3, 4, 6, 8, 10, 11]]",6.375,0.889003290559832,3.125
389,389,"[[1, 2, 5, 6, 7, 8, 10], [1, 2, 4, 5, 6, 7, 8, 10, 11], [2, 3, 4, 6, 8, 10], [1, 4, 5, 8, 9, 10, 11], [1, 7, 9, 10], [4, 8, 9], [1, 3, 8, 9], [1, 2, 6, 8, 10]]",5.625,0.7857142857142857,2.625
390,390,"[[2, 5, 6, 7], [1, 3, 6, 7, 9, 11], [1, 2, 3, 5, 7, 10], [2, 4, 5, 6, 7, 10], [1, 2, 4, 5, 6, 7, 8, 11], [2, 3, 4, 7, 8, 11], [1, 10, 11], [1, 2, 3, 4, 5, 8, 10]]",5.75,0.8122395730440854,2.5
391,391,"[[3, 4, 5, 6, 11], [1, 3, 4, 8, 9], [3, 6, 9, 11], [2, 4, 6, 8, 9], [1, 6, 7, 8, 10, 11], [1, 3, 4, 5, 8, 9, 11], [1, 5, 6, 8, 9, 11], [3, 5, 6, 9, 10]]",5.375,0.8195876288659795,3.0
392,392,"[[1, 2, 3, 8, 9, 10], [1, 2, 3, 4, 6, 8, 10, 11], [1, 2, 4, 6, 9], [4, 5, 6, 7, 8, 11], [1, 4, 7, 9, 10, 11], [2, 3, 5, 6, 7, 9, 10, 11], [1, 2, 4], [3, 4, 6, 9]]",5.75,0.9002069399292915,2.625
393,393,"[[2, 6, 7, 8], [2, 3, 4, 5, 8, 11], [6, 7, 8, 10], [1, 2, 3, 4, 6, 9, 10], [1, 3, 4, 8, 9, 10], [1, 2, 4, 5, 6, 7, 10, 11], [2, 3, 4, 5, 6, 10], [1, 3, 4, 5, 8]]",5.75,0.861061697819235,2.5
394,394,"[[1, 2, 4, 6, 8, 11], [1, 3, 4, 5, 6], [2, 3, 5, 7, 9, 10], [1, 2, 4, 10], [2, 4, 8, 9, 10, 11], [1, 3, 4, 7, 8, 9, 10], [1, 2, 3, 4, 8, 9, 11], [1, 3, 5, 6, 7, 9, 11]]",6.0,0.8571712845624782,3.0
395,395,"[[4, 7, 10], [2, 4, 5, 7, 8, 9, 10], [1, 2, 4, 6, 7, 8], [2, 5, 8, 10, 11], [1, 4, 5, 8, 9, 10, 11], [1, 2, 4, 5, 6, 9, 10], [3, 6, 7, 9, 11], [1, 2, 3, 4, 7, 10, 11]]",5.875,0.8977661300355931,3.0
396,396,"[[1, 3, 4, 6, 8, 10, 11], [1, 6, 8, 11], [1, 2, 3, 4, 6, 8, 9, 11], [1, 2, 3, 5, 6, 8, 9, 10], [1, 3, 4, 9, 11], [1, 2, 3, 4, 5, 9, 10], [5, 8], [1, 2, 6, 8, 10]]",5.75,0.9204109067554185,2.625
397,397,"[[1, 4, 5, 6, 8, 9, 10, 11], [3, 5, 6, 8, 10], [3, 5, 6, 10], [3, 5, 8, 9, 11], [1, 2, 5, 7, 10, 11], [1, 3, 6, 7, 9, 11], [2, 4, 5, 7, 8, 11], [4, 6, 7, 8, 11]]",5.625,0.8910421112136304,3.125
398,398,"[[2, 3, 9, 10, 11], [1, 6, 9, 10, 11], [2, 3, 4, 9, 11], [1, 3, 5, 6, 7, 10, 11], [1, 2, 6, 9, 10], [1, 2, 3, 4, 5, 6, 7, 8], [2, 3, 6, 7, 8, 11], [1, 2, 4, 6, 9]]",5.75,0.8188939588574516,2.875
399,399,"[[7, 8, 10, 11], [1, 2, 3, 4, 5, 10, 11], [1, 3, 4, 5, 11], [2, 6, 8, 9, 10], [1, 2, 3, 5, 11], [1, 3, 7, 8, 9, 11], [2, 5, 6, 7, 9], [2, 5, 6, 7, 8, 9, 11]]",5.5,0.7756683520713368,2.875
400,400,"[[1, 2, 4, 6, 8, 11], [1, 3, 4, 7, 8, 9, 10, 11], [4, 5, 6, 7], [2, 3, 5, 6, 8, 9, 11], [1, 2, 6, 7, 10], [1, 2, 3, 8, 9, 10, 11], [1, 5, 7, 8, 9, 11], [1, 4, 5, 6, 7, 8, 9, 10, 11]]",6.5,0.8956811976240691,2.875
401,401,"[[1, 2, 3, 5, 6, 7, 8, 9], [1, 2, 4, 6, 7, 9, 10, 11], [1, 2, 4, 6, 7, 8, 9, 10, 11], [1, 3, 7, 10], [1, 2, 4, 6, 10], [1, 6, 9, 11], [1, 6, 7, 8], [4, 6, 10]]",5.625,0.8461415848020167,2.625
402,402,"[[3, 4, 5, 6, 7, 8, 9, 10], [1, 5, 6, 9, 11], [3, 4, 7, 9, 10], [4, 6, 8, 10], [1, 4, 7, 8, 9, 10, 11], [2, 4, 7, 9, 10, 11], [2, 4, 5, 8, 9, 10, 11], [1, 4, 5, 7, 8, 11]]",6.0,0.9534073144497984,3.25
403,403,"[[4, 5, 6, 8, 9], [6, 7, 8, 10, 11], [1, 3, 4, 6, 9, 10], [2, 5, 6, 7, 10, 11], [5, 6, 10, 11], [1, 2, 4, 7, 9], [2, 3, 4, 7, 8, 10, 11], [1, 2, 3, 4, 5, 7, 9, 10, 11]]",5.875,0.8910421112136304,2.75
404,404,"[[2, 3, 4, 5, 6, 11], [4, 5, 9], [2, 4, 7, 11], [2, 3, 4, 5, 6, 7, 9, 10], [1, 2, 9], [3, 5, 8, 9], [1, 2, 4, 8, 9], [2, 8, 9, 10, 11]]",4.75,0.696863053300345,2.75
405,405,"[[1, 2, 4, 5, 7, 8, 11], [3, 5, 6, 7, 11], [3, 4, 5, 6, 8], [1, 2, 3, 5, 8, 11], [1, 2, 3, 4, 8], [1, 3, 6, 10], [1, 3, 4, 5, 6, 9, 10], [1, 3, 4, 5, 6, 8, 9]]",5.75,0.8947272423527021,2.75
406,406,"[[1, 2, 3, 7, 8, 9, 11], [1, 2, 4, 5, 6, 7, 9], [1, 3, 4, 7, 9, 10, 11], [5, 8, 9], [4, 5, 6, 7, 9, 11], [2, 5], [2, 4, 5, 7, 11], [3, 7, 10]]",5.0,0.8910421112136305,2.75
407,407,"[[5, 7, 9, 10, 11], [1, 4, 6, 11], [7, 8, 9, 10], [1, 2, 3, 4, 5, 7, 11], [1, 6, 8, 9, 11], [1, 3, 4, 7, 8, 10, 11], [3, 5, 6, 8, 10], [2, 3, 6, 7, 9, 10, 11]]",5.5,0.8913130356431729,2.875
408,408,"[[1, 2, 3, 4, 5, 10, 11], [2, 6, 7, 8, 9], [2, 3, 5, 6, 11], [3, 5, 9, 10], [3, 4, 5, 7, 8], [3, 7, 8, 9], [1, 2, 3, 4, 6, 10, 11], [1, 3, 5, 6, 10]]",5.25,0.8231530977804592,2.25
409,409,"[[1, 2, 4, 6, 11], [2, 3, 5, 8, 11], [4, 5, 6], [2, 3, 4, 5, 7, 8], [1, 7, 8, 11], [1, 2, 4, 8, 9, 11], [2, 4, 6, 8, 9, 10], [2, 4, 5, 6, 7, 8, 9, 10]]",5.375,0.8666497591697752,2.375
410,410,"[[2, 3, 5, 7, 8, 10, 11], [1, 2, 3, 6, 7, 8, 9], [2, 3, 4, 6, 8, 9], [1, 2, 5, 6, 8, 9], [1, 3, 4, 10, 11], [4, 7, 8, 10, 11], [6, 7, 10], [1, 2, 3, 5, 8, 9]]",5.625,0.8461538461538463,2.625
411,411,"[[1, 2, 4, 11], [3, 4, 5, 6, 7, 8, 9, 10, 11], [2, 3, 4, 6, 8, 10, 11], [1, 2, 3, 4, 5, 8, 9], [2, 5, 6, 7, 9, 10], [2, 4, 6, 7, 8, 9, 10, 11], [2, 3, 5, 7, 8, 9], [1, 6, 7, 8, 11]]",6.5,0.7132755515482111,2.875
412,412,"[[1, 4, 6, 9, 10, 11], [4, 9, 10, 11], [1, 4, 6, 7, 8, 10], [4, 5, 7, 9, 11], [6, 9, 10, 11], [3, 4, 5, 7, 8, 9, 10], [2, 3, 4, 5, 6, 7, 8, 10, 11], [2, 3, 5, 6, 9, 10, 11]]",6.0,0.8461415848020165,3.25
413,413,"[[2, 3, 6, 7, 8, 9, 10, 11], [1, 3, 4, 7, 9, 10, 11], [8, 9, 10, 11], [1, 3, 5, 6, 7, 9, 11], [1, 2, 3, 5, 6, 7, 11], [2, 4, 6, 8, 9, 10, 11], [2, 4, 5, 6, 8, 9, 10, 11], [1, 6, 7, 11]]",6.5,0.902201178283859,3.125
414,414,"[[1, 6, 7, 8, 11], [4, 5, 6, 7, 8, 9, 11], [1, 2, 4, 5, 6, 7, 8, 9, 10], [1, 2, 3, 4, 6, 7, 9, 10], [5, 6, 8, 9, 10, 11], [1, 2, 4, 6, 7, 9, 10], [2, 6, 8, 9, 10, 11], [1, 8, 9, 10]]",6.5,0.8101056637505245,3.25
415,415,"[[3, 5, 7, 8, 9, 11], [1, 2, 3, 5, 6, 10, 11], [1, 2, 3, 6, 8, 10], [1, 2, 3, 5, 6, 8, 10, 11], [1, 2, 5, 6, 8, 10], [1, 4, 5, 8, 10, 11], [1, 2, 3, 4, 5, 7, 8, 9, 10], [3, 4, 6, 7, 9]]",6.625,0.932900456367941,2.875
416,416,"[[1, 3, 4, 7, 8], [1, 2, 5, 6, 8, 9], [1, 3, 8, 10, 11], [1, 2, 3, 4, 6, 7, 10, 11], [1, 4, 5, 6, 10], [1, 7, 9], [1, 2, 3, 6, 9, 10], [4]]",4.875,0.8461538461538461,2.375
417,417,"[[1, 4, 5, 6, 7, 8, 11], [3, 7, 8, 9], [3, 8], [9], [1, 7, 8, 9, 11], [1, 2, 4, 7, 8, 9, 10], [1, 3, 9, 11], [3, 4, 8, 9, 10]]",4.375,0.8376799984995152,2.125
418,418,"[[3, 8, 9, 11], [5, 6, 8], [1, 4, 7, 9], [1, 2, 4, 6, 7, 11], [2, 3, 4, 7, 10, 11], [2, 3, 4, 6, 7, 8, 9, 11], [1, 3, 10, 11], [1, 9, 10]]",4.75,0.7435402998283417,2.375
419,419,"[[2, 3, 6], [1, 2, 3, 5, 6, 7, 9], [3, 4, 5, 6, 8, 9, 10, 11], [2, 6, 7], [2, 3, 6, 9], [2, 3, 4, 5, 10], [1, 5, 6, 8, 9, 10, 11], [7, 10]]",4.875,0.8170571691028833,2.25
420,420,"[[4, 6, 7, 9], [3, 5, 9, 11], [3, 8, 10], [4, 5, 7, 8, 9, 10, 11], [5, 7, 8, 9, 10], [1, 3, 4, 6, 7, 8, 9], [2, 4, 5], [1, 2, 3, 4, 6, 9, 10]]",5.0,0.9078412990032034,2.75
421,421,"[[3, 4, 5, 9], [2, 6, 7, 11], [1, 2, 4, 8, 9, 10, 11], [2, 4, 6, 9, 11], [2, 3, 4, 8, 10], [2, 5, 7, 11], [2, 3, 7, 9, 10], [2, 3, 4, 7, 8, 9, 10, 11]]",5.25,0.9110640526791984,2.625
422,422,"[[1, 4, 6, 7, 8], [1, 2, 3, 4, 5, 6, 11], [4, 5, 6, 9, 10, 11], [1, 5, 6, 9, 10], [4, 6, 10, 11], [1, 2, 6, 7, 8], [4, 5, 8, 9, 11], [11]]",4.75,0.8873274787391783,2.875
423,423,"[[1, 2, 3, 6, 7, 8, 9, 10, 11], [1, 2, 3, 5, 6, 9, 10, 11], [2, 6, 7, 9, 11], [2, 6, 7, 9], [2, 4, 7, 9, 11], [1, 2, 4, 6, 7, 10, 11], [1, 3, 6, 9, 10, 11], [4, 5, 6, 9]]",6.0,0.8910421112136306,2.625
424,424,"[[2, 3, 4, 5, 7, 8, 10, 11], [2, 5, 6, 7, 8], [1, 2, 3, 4, 6, 7, 8, 10, 11], [2, 3, 7, 9, 10, 11], [1, 2, 4, 5, 8, 10], [1, 2, 3, 5, 6, 9, 10, 11], [1, 2, 10, 11], [1, 2, 4, 5, 7, 9, 11]]",6.625,0.855907937346385,2.75
425,425,"[[3, 9, 11], [2, 6, 7, 9], [2, 3, 4, 5, 6, 7, 9, 11], [2, 3, 4, 5, 7, 9], [1, 2, 5, 7, 8], [3, 4, 5, 7, 9, 10], [4, 5, 6, 8, 9], [7, 8, 9, 10, 11]]",5.25,0.8461538461538461,2.75
426,426,"[[1, 3, 4, 6, 7, 8], [2, 3, 4, 8, 10], [1, 2, 4, 6, 8, 9, 10], [3, 8, 9, 10, 11], [3, 7, 8, 9, 10, 11], [4, 6, 8, 11], [1, 2, 5, 6, 7, 10], [1, 7, 9, 10, 11]]",5.5,0.8019449779714489,2.625
427,427,"[[1, 3, 6, 7, 8, 11], [1, 4, 6, 7, 10], [1, 3, 6, 7, 9], [2, 3, 4, 5, 6, 7, 8, 9, 10], [3, 7], [3, 4, 5, 7, 8, 9, 10, 11], [2, 4, 6, 7], [2, 3, 10, 11]]",5.375,0.9015249595808498,2.125
428,428,"[[6, 7, 8, 9, 10], [2, 4, 5, 6, 7, 8, 11], [1, 5, 8, 9, 11], [3, 9, 11], [2, 5, 8, 9, 10, 11], [1, 3, 5, 7, 8, 9, 10, 11], [2, 3, 8, 10, 11], [1, 4, 5, 7, 9, 10, 11]]",5.75,0.7970167702187486,3.375
429,429,"[[2, 3, 6, 11], [2, 5, 6, 7, 8, 9], [1, 2, 4, 6, 7, 8, 10, 11], [1, 5, 6, 7, 8, 9, 10], [1, 2, 3, 6, 10], [2, 6, 7, 9, 11], [3, 6, 10, 11], [2, 3, 4, 9, 10, 11]]",5.625,0.7997110370677439,2.5
430,430,"[[1, 2, 3, 4, 5, 7, 8], [1, 3, 7, 8, 9, 11], [5, 6, 7, 9, 10, 11], [3, 4, 5, 7, 8, 10], [2, 3, 4, 7, 10, 11], [1, 2, 4, 7, 8, 9, 11], [2, 3, 5, 8, 10, 11], [1, 2, 4, 7, 9]]",6.125,0.920384803183818,3.0
431,431,"[[1, 2, 3, 4, 5, 7, 8, 9, 10], [2, 3, 4, 7, 8, 10], [2, 7, 9, 10], [1, 5, 8, 9, 10], [3, 6, 7, 8, 9], [2, 3, 5, 7, 9, 10, 11], [4, 5, 7, 10], [2, 4, 5, 6, 7, 8]]",5.75,0.823754471047914,2.75
432,432,"[[1, 2, 5, 8, 9, 10, 11], [3, 6, 10], [2, 4, 6, 7, 8, 10], [1, 4, 7, 10], [3, 6, 10], [1, 2, 5, 6, 7, 8, 10], [3, 6, 7, 9, 10], [1, 5, 7, 10]]",4.875,0.934719542804484,2.625
433,433,"[[2, 5, 6, 10], [2, 5, 10], [3, 4, 7, 10, 11], [1, 2, 4, 8], [4, 6, 7, 8, 9], [1, 3], [3, 4, 6, 7, 9, 11], [2, 4, 5, 8, 10, 11]]",4.375,0.8984458631125747,2.375
434,434,"[[8, 10, 11], [2, 5, 6, 10, 11], [5, 6, 7, 9, 11], [1, 6, 7, 8], [1, 3, 4, 6, 8], [1, 3, 7, 8, 9], [4, 5, 7, 8, 11], [1, 3, 5, 6, 9, 10]]",4.75,0.8474825077753649,2.875
435,435,"[[2, 5, 6, 7, 8, 9, 10], [2, 3, 4, 6, 7, 9, 10], [1, 2, 5, 6], [1, 5, 6, 7], [2, 3, 4, 5, 8, 9, 10, 11], [1, 3, 4, 5, 6], [1, 2, 8, 9], [3, 7, 11]]",5.25,0.8382425677628393,3.125
436,436,"[[3, 5, 6, 7, 8, 9, 11], [1, 3, 6, 8, 9, 10, 11], [2, 7, 10, 11], [1, 2, 4, 5, 6, 8, 9, 10, 11], [2, 3, 9, 10], [1, 3, 5, 6, 7, 10], [4, 5, 6, 9, 10, 11], [2, 4, 6, 8, 9, 11]]",6.125,0.8399639031533337,3.25
437,437,"[[2, 4, 6], [5, 9, 10, 11], [2, 3, 4, 8, 11], [1, 3, 5, 8, 9], [2, 6, 8, 9, 10], [1, 2, 3, 4, 6, 8, 10], [1, 5, 6, 7, 9, 10, 11], [1, 10, 11]]",4.875,0.7831325301204819,2.625
438,438,"[[1, 2, 5], [1, 3, 4, 5, 6, 7, 8, 9, 10], [4, 5, 9, 10], [1, 2, 3, 4, 6, 8, 9, 11], [2, 4, 6, 7, 8, 10], [1, 3, 9, 11], [2, 3, 5, 6, 7, 8, 9, 10], [5, 6, 9, 10, 11]]",5.875,0.8910421112136305,3.375
439,439,"[[1, 2, 6, 8, 9], [2, 5, 7, 8, 9, 10, 11], [3, 6, 7, 8, 10], [1, 2, 3, 4, 6, 10], [9, 10], [1, 3, 4, 5, 6, 10, 11], [2, 4, 5, 10, 11], [1, 2, 4, 5, 7, 8, 11]]",5.5,0.8647889466100895,2.875
440,440,"[[7, 9], [1, 4, 6, 8, 9, 10], [1, 2, 4, 6, 11], [2, 4, 7, 10, 11], [1, 3, 4, 6, 8], [2, 3, 4, 5, 6, 7, 10], [1, 4, 5, 8, 9, 11], [1, 2, 3, 4, 6, 7, 9]]",5.375,0.8964713461147538,2.5
441,441,"[[4, 6, 7], [5, 7, 9, 10, 11], [1, 5, 6, 9, 10], [1, 2, 3, 5], [1, 2, 4, 5, 6, 8, 9, 11], [3, 7, 9, 11], [1, 3, 6, 8, 10], [1, 2, 4, 6, 7, 10]]",5.0,0.9285714285714286,2.75
442,442,"[[3, 4, 6, 7, 9, 10, 11], [1, 8, 11], [1, 2, 5, 6, 7, 9, 10, 11], [1, 3, 4, 5, 6, 10, 11], [1, 8, 9, 10], [2, 3, 4, 8, 9, 10], [2, 3, 4, 5, 6, 11], [1, 4, 5, 6, 11]]",5.75,0.7140584836498263,3.0
443,443,"[[1, 2, 7, 10], [1, 4], [3, 5, 7, 8, 10], [5, 7, 10, 11], [2, 3, 6, 7, 11], [2, 3, 4, 6, 7, 8], [1, 2, 4, 6, 8, 9, 10], [1, 2, 3, 6, 7, 11]]",4.875,0.8965309034888412,2.125
444,444,"[[1, 2, 4, 6, 8, 9, 11], [1, 3, 5, 6, 10], [1, 7, 11], [1, 2, 4], [1, 2, 7, 8, 10, 11], [1, 2, 3, 5, 8], [1, 3, 4, 5, 6, 9, 11], [2, 3, 4, 9]]",5.0,0.8242593896780959,2.5
445,445,"[[3, 4, 6], [4, 5, 6, 7, 10, 11], [1, 3, 5, 7, 8, 9, 10, 11], [1, 5, 7, 9, 10, 11], [2, 3, 6, 7, 10], [2, 5, 7, 10], [2, 3, 6, 7, 8, 10, 11], [1, 2, 5, 6, 7, 10, 11]]",5.75,0.9058438362828551,2.625
446,446,"[[2, 4, 5, 6, 9, 10, 11], [1, 4, 5, 6, 10], [1, 2, 3, 5, 9, 10, 11], [3, 5, 6, 7, 8, 10, 11], [2, 3, 6, 7, 8, 10, 11], [2, 6, 8, 9], [1, 3, 4, 6, 7, 8, 9, 10, 11], [1, 3, 4, 6, 8, 10]]",6.5,0.8984458631125747,2.75
447,447,"[[2, 3, 4, 5, 7, 9, 11], [5, 8, 11], [3, 9, 11], [1, 6, 9, 11], [1, 3, 6, 8, 9], [2, 5, 7, 8, 10], [3, 6, 7, 10], [3, 5, 6, 7]]",4.375,0.9226129063148778,2.75
448,448,"[[1, 4, 6, 10], [1, 6, 9, 10, 11], [1, 2, 3, 4, 5, 7, 9], [1, 2, 3, 4, 5, 8, 10], [2, 4, 5, 9, 10, 11], [1, 3, 7, 8, 11], [1, 3, 4, 5, 6, 7, 10], [2, 3, 4, 5, 8, 9]]",5.875,0.839194957606588,2.875
449,449,"[[2, 7, 10, 11], [2, 3, 8, 11], [2, 11], [3, 4, 5, 6, 7, 10, 11], [3, 7, 9, 11], [2, 3, 5, 6], [2, 3, 6, 7, 8, 9, 11], [2, 5, 6, 7, 9, 10, 11]]",4.875,0.8728715609439694,2.5
450,450,"[[4, 5, 6, 7, 11], [1, 2, 3, 4, 5, 8, 11], [1, 2, 4, 6, 8, 10, 11], [1, 2, 3, 4, 6, 7, 11], [3, 5, 7, 8, 9], [2, 6, 7, 8, 9, 11], [2, 3, 5, 8, 11], [3, 7, 9, 10, 11]]",5.875,0.8150684931506847,2.625
451,451,"[[2, 5, 6, 7, 8, 9, 10], [1, 2, 6, 8, 10], [4, 5, 6, 7, 11], [4, 6, 10], [2, 3, 7, 8, 9, 10], [8, 9], [5, 8, 10], [3, 6, 7]]",4.25,0.8170571691028834,2.25
452,452,"[[2, 3, 4, 6, 8], [2, 4, 9, 11], [1, 4, 5, 6, 7, 9, 10, 11], [2, 4, 6, 8], [1, 2, 4, 5, 6, 7, 8, 9, 10, 11], [1, 3, 4, 5, 6, 7, 9, 10], [3, 4, 7, 8, 11], [2, 3, 4, 8]]",6.0,0.8214005083884005,2.125
453,453,"[[1, 2, 4, 5, 6, 9], [1, 2, 5, 7, 8, 10, 11], [4, 8, 9, 10], [1, 6, 8, 10], [2, 4, 7], [1, 4, 7, 8, 9, 11], [1, 2, 3, 4, 5, 6, 10], [2, 4, 7, 11]]",5.125,0.8629815702089605,2.5
454,454,"[[1, 5, 11], [1, 4, 5, 6, 10], [2, 4, 6, 10], [3, 5, 9, 10, 11], [2, 5, 6, 7, 8, 9, 10, 11], [1, 2, 6, 7, 8, 9], [3, 5, 6, 8, 10, 11], [3, 4, 5, 6, 7, 8, 9, 10]]",5.625,0.8883228290967644,3.25
455,455,"[[1, 5, 6, 11], [1, 6, 10, 11], [2, 4, 6, 9, 10, 11], [2, 5, 8, 9, 10, 11], [1, 2, 3, 7, 9], [4, 5, 10, 11], [1, 2, 6, 7, 11], [4, 8, 10, 11]]",4.75,0.808524347608811,2.75
456,456,"[[2, 5, 7, 11], [2, 3, 5, 8, 9], [1, 2, 4, 5, 6, 8], [2, 4, 6, 7, 10, 11], [1, 2, 6, 7, 8, 11], [6, 8, 9, 10], [2, 3, 5, 7, 11], [2, 4, 5, 6, 8, 9, 10, 11]]",5.5,0.9109094137462553,2.75
457,457,"[[4, 5, 7, 9], [4, 5, 6, 7, 8, 9, 11], [1, 5, 6, 7, 8, 9, 10, 11], [1, 3, 4], [3, 6, 8], [3, 4, 5, 6, 9, 10], [2, 7], [1, 2, 4, 9, 10]]",4.75,0.8513500933104468,2.375
458,458,"[[1, 5, 6, 10, 11], [2, 3, 5, 6, 8, 9, 11], [8], [1, 2, 5, 10], [3, 6, 8], [1, 3, 5, 8, 11], [3, 4, 5, 6, 7, 10, 11], [3, 4, 8, 11]]",4.5,0.9011271137791659,2.25
459,459,"[[1, 2, 5, 7, 10], [2, 3, 4, 7, 8, 9, 10, 11], [4, 5, 8, 9, 11], [2, 3, 4, 7, 8, 11], [2, 4, 5, 6, 11], [1, 4, 5, 9, 10], [1, 4, 5, 6, 9], [2, 4, 6, 7, 11]]",5.5,0.8961389666103987,3.125
460,460,"[[2, 3, 4, 10], [1, 2, 4, 6, 8, 9, 10], [2, 4, 11], [5, 6, 7, 9, 11], [1, 2, 3, 6, 8, 9, 10, 11], [1, 3, 4, 6, 9], [1, 3, 4, 6, 8, 10, 11], [1, 2, 3, 8, 9, 10]]",5.625,0.8773384834252593,2.75
461,461,"[[2, 4, 8], [2, 3, 6, 7, 8, 9, 10, 11], [2, 4, 6, 7, 8, 9, 10, 11], [2, 5, 6, 7, 8, 9, 10, 11], [5, 6, 11], [4, 7, 9, 11], [1, 4, 5, 8, 9], [1, 2, 5, 9, 10]]",5.5,0.7970167702187486,3.0
462,462,"[[1, 3, 5, 6, 7, 8, 10, 11], [1, 6, 8, 10], [2, 5, 8, 11], [3, 5, 6, 7, 9, 10], [3, 6, 8, 9], [2, 4, 5, 7, 8, 9, 10, 11], [1, 10], [1, 4, 5, 8]]",5.0,0.9601587170383664,2.75
463,463,"[[2, 4, 5, 6, 7, 9, 10], [1, 3, 6, 8, 11], [7, 9], [1, 2, 6, 7, 9, 10, 11], [1, 2, 4, 5, 7, 8, 10], [1, 4, 6, 7, 8, 10], [1, 2, 5, 6, 7, 8, 9, 11], [1, 3, 6, 9, 11]]",5.875,0.9595271569684106,2.75
464,464,"[[1, 2, 3, 5, 9, 10], [1, 2, 6, 7, 9, 11], [1, 3, 4, 5, 6, 7, 9], [2, 5], [1, 2, 4, 6, 8, 11], [1, 2, 4, 7, 8, 9, 11], [2, 6, 7, 9, 10, 11], [3, 5, 7, 8, 10, 11]]",5.75,0.8987456026100756,2.875
465,465,"[[1, 3, 5, 7, 8, 9], [10], [2, 4, 5, 6, 9, 10, 11], [3, 5, 11], [3, 4, 8, 11], [4, 5, 6, 8, 9, 10, 11], [3, 5, 6, 7, 8], [1, 4, 5]]",4.5,0.8170571691028834,2.875
466,466,"[[2, 3, 6, 7, 9], [1, 3, 4, 5, 8, 11], [2, 7, 8, 10, 11], [3, 4, 5, 8], [2, 4, 5, 8, 11], [1, 5, 6, 7, 8], [3, 4, 6, 7, 8], [3, 4, 6, 8, 9, 11]]",5.125,0.8214005083884006,2.0
467,467,"[[1, 2, 3, 4, 5, 6, 10], [1, 2, 5, 7, 8, 9, 11], [4, 8, 9], [2, 3, 6, 9, 11], [10, 11], [4, 5, 6, 7, 9, 10], [1, 2, 7, 8, 10], [1, 2, 3, 7, 10, 11]]",5.125,0.7642652566278799,2.625
468,468,"[[5, 6, 9, 10], [2, 3, 4, 6, 7, 10, 11], [1, 3, 4, 5, 7, 8, 9], [1, 4, 5, 6, 7, 10], [1, 3, 4, 7, 9, 10], [1, 2, 3, 4, 5, 6, 8, 9, 10], [1, 3, 6, 7], [1, 3, 4, 5, 7, 9]]",6.125,0.9074852129730301,3.25
469,469,"[[2, 3, 4, 5, 6, 7, 9], [3, 4, 7, 9, 11], [1, 4, 5, 7], [3, 5, 6, 7], [1, 4, 6, 7, 9, 10, 11], [1, 2, 3, 5, 7, 8, 9], [2, 3, 7, 8, 9, 10, 11], [1, 3, 6, 7, 8, 11]]",5.875,0.9058216273156766,2.625
470,470,"[[1, 3, 4, 6, 7, 9], [3, 8, 11], [2, 4, 5, 9, 10], [2, 3, 4, 5, 7, 10], [1, 3, 4, 8, 9, 10], [2, 6, 7, 8], [1, 4, 5, 8, 9, 11], [2, 3, 4, 5]]",5.0,0.861061697819235,2.5
471,471,"[[4, 5, 7, 8, 9, 10], [1, 4, 6, 9, 10, 11], [1, 5, 7, 8, 9, 11], [1, 2, 4, 5, 6, 8, 9, 10], [3, 4, 5, 6, 7, 9, 10], [4, 5, 8, 11], [2, 3, 4, 6, 7, 8, 9, 11], [2, 4, 9, 11]]",6.125,0.8853067919890986,3.5
472,472,"[[4, 7, 9, 10, 11], [2, 3, 7, 11], [2, 5, 8, 10, 11], [1, 2, 3, 5, 6, 8, 9, 10, 11], [1, 2, 3, 5, 10], [1, 2, 3, 6, 9, 11], [2, 4, 6, 7, 10, 11], [5, 8, 11]]",5.375,0.8292140065738344,2.875
473,473,"[[6, 8, 9, 10, 11], [2, 3, 4, 7, 8, 9, 10], [2, 5, 7, 8, 10, 11], [5, 6, 9], [6, 9], [2, 4, 5, 6, 8, 11], [2, 7, 8, 11], [4, 5, 7, 8, 9, 10, 11]]",5.0,0.7970167702187486,2.625
474,474,"[[1, 3, 4, 5, 7, 8, 10], [3, 10, 11], [1, 3, 4, 9, 10, 11], [5, 6, 7, 8, 9, 10, 11], [3, 6, 7, 9, 10], [1, 2, 3, 4, 6, 7, 8, 11], [1, 5, 9, 10, 11], [8, 11]]",5.375,0.8876720657463708,2.875
475,475,"[[10, 11], [4, 5, 7, 9, 10, 11], [5, 6, 9, 10], [2, 5, 9, 10], [2, 5, 6], [1, 2, 4, 5, 6, 8, 11], [2, 5, 6, 7, 8, 9, 10], [2, 3, 6, 11]]",4.625,0.8399639031533337,3.0
476,476,"[[2, 4, 5, 8, 10], [1, 2, 3, 5, 8, 11], [1, 2, 3, 4, 7, 10], [4, 6, 9], [2, 3, 4, 8, 10], [2, 4, 5, 6, 8, 9, 10, 11], [4, 9], [3, 4, 8, 11]]",4.875,0.9239364353597956,2.25
477,477,"[[4, 5, 7, 8], [2, 4, 6, 7], [1, 2, 6, 9], [1, 2, 3, 7, 9], [1, 2, 5, 8, 10], [1, 3, 5, 6, 8, 9, 10], [3, 4, 5, 6, 7, 10], [2, 4, 8]]",4.75,0.871695457833102,2.125
478,478,"[[3, 4, 6], [1, 10], [3, 4, 5, 8, 9], [4, 7, 9, 10], [1, 3, 4, 5, 6, 7, 9, 10, 11], [2, 3, 5, 8, 9, 11], [2, 3, 8, 9, 10], [1, 3, 5, 8, 10, 11]]",5.0,0.8748177652797064,2.625
479,479,"[[1, 4, 5, 7, 8, 9, 10], [8, 9, 11], [1, 2, 4, 5, 7, 8, 10], [2, 4, 5, 7, 8, 9, 10], [2, 4, 5, 7, 9, 11], [1, 2, 3, 6, 8, 10], [1, 2, 6], [1, 3, 4, 7, 10, 11]]",5.625,0.8170571691028833,3.0
480,480,"[[1, 4, 5, 7, 10], [2, 5, 8, 10, 11], [5, 7, 10, 11], [1, 2, 3, 5, 10], [4, 6, 9, 10], [2, 6, 8, 9], [2, 6, 7, 8, 9, 10, 11], [2, 4, 5, 7, 8, 11]]",5.0,0.7945077623302224,2.75
481,481,"[[1, 2, 3, 6, 7, 10, 11], [1, 3, 4, 5], [2, 3, 5, 7, 8], [5, 7, 10, 11], [1, 2, 8, 11], [1, 2, 3, 7, 8, 11], [1, 2, 6, 7, 8, 9], [3, 6, 8, 11]]",5.0,0.8629815702089605,2.25
482,482,"[[2, 4, 7, 10, 11], [2, 3, 4, 7], [1, 3, 4, 5, 7, 8, 9, 10], [1, 2, 5, 6, 7, 9], [1, 3, 6, 7, 10, 11], [2, 4, 5, 8, 9, 10], [1, 2, 3, 4, 10], [1, 3, 6, 8, 10, 11]]",5.75,0.8195375470622296,2.5
483,483,"[[1, 2, 4, 7, 10], [1, 2, 3, 6, 7, 10], [2, 6, 7, 10, 11], [3, 4, 6, 7], [1, 2, 4, 7, 8], [1, 4, 6, 7, 8, 9, 11], [2, 5, 6, 7, 10], [2, 6, 7, 8, 9, 11]]",5.375,0.8599570032247311,2.125
484,484,"[[1, 3, 6, 8, 9, 10, 11], [1, 2, 3, 5, 9, 11], [2, 3, 9, 11], [4, 5, 7, 8, 9, 10, 11], [3, 8, 9, 11], [1, 2, 3, 4, 8, 10], [1, 2, 3, 7, 8, 9, 10, 11], [3, 4, 6, 7, 8, 11]]",6.0,0.8285973887601489,3.0
485,485,"[[1, 3, 7, 8, 9, 10, 11], [3, 4, 6, 7, 8, 9, 11], [1, 2, 6, 8, 9], [1, 5, 6, 8, 9], [1, 3, 5, 7, 10, 11], [1, 3, 7, 9], [1, 5, 6, 7, 11], [1, 3, 4, 7, 11]]",5.5,0.8848212674263203,3.0
486,486,"[[3, 6, 10, 11], [2, 3, 6, 7, 8, 9], [1, 2, 4, 10], [2, 3, 7, 10], [1, 2, 3, 4, 8, 9, 10], [2, 7, 10], [3, 6, 7, 8, 11], [1, 2, 3, 5, 6, 7, 8, 9]]",5.125,0.8038369524685004,2.25
487,487,"[[1, 2, 3, 4, 6, 7], [3, 6, 7, 8, 10], [3, 5, 7, 8, 9], [1, 5, 6, 7, 8, 9, 10, 11], [3, 4, 6, 8, 9], [1, 2, 3, 7, 8, 10, 11], [6, 7, 8, 9, 11], [5, 6, 8]]",5.5,0.8660254037844387,2.125
488,488,"[[2, 4, 5, 6, 8, 11], [1, 3, 4, 6, 7, 9, 11], [1, 2, 6, 7, 8, 9], [1, 2, 3, 5], [1, 2, 3, 4, 5, 7, 11], [1, 5, 7, 9, 10, 11], [1, 3, 4, 5, 6, 7, 8, 9, 11], [1, 4, 5, 6, 8, 11]]",6.375,0.9035079029052512,3.25
489,489,"[[4, 7, 8, 9, 11], [1, 5, 7, 9, 10, 11], [1, 5, 6, 11], [2, 6, 7, 11], [3, 4], [1, 4, 5, 7, 10], [1, 3, 4, 5, 6, 8, 9, 11], [2, 3, 5, 7, 8, 10, 11]]",5.125,0.9379030918551611,2.75
490,490,"[[1, 6, 9, 10], [1, 4, 5, 6, 7, 8, 9, 11], [2, 5, 6, 7, 9, 10], [1, 3, 5, 6, 7, 9, 10], [1, 2, 3, 4, 5, 6, 7, 8, 11], [3, 7, 10, 11], [1, 2, 5, 6, 7], [2, 5, 6, 7, 8, 9, 10, 11]]",6.375,0.93549455371157,3.375
491,491,"[[2, 4, 8, 9, 10, 11], [1, 2, 3, 4, 8, 9, 11], [1, 8, 9, 10], [2, 3, 4, 5, 6, 7, 9], [1, 2, 3, 4, 7, 8, 9], [3, 4, 5, 6, 7, 9, 10], [1, 2, 4, 7, 10, 11], [4, 5, 6, 7, 8, 10]]",6.25,0.7715167498104595,2.875
492,492,"[[2, 4, 5, 6, 8, 9], [3, 4, 5, 7, 8, 11], [5, 10], [1, 2, 7, 8, 9, 11], [1, 3, 6, 7, 9, 10, 11], [1, 4, 5, 6, 8, 9], [1, 2, 3, 4, 5, 9], [2, 3, 4, 5, 8, 9, 10]]",5.75,0.8875895031209079,3.25
493,493,"[[5, 8, 9], [1, 3, 4, 5, 6, 7], [2, 3, 4, 7, 8, 10], [2, 3, 4, 7, 8, 9, 11], [3, 4, 6, 9, 10, 11], [2, 5, 6, 7, 8, 10, 11], [1, 2, 8, 10, 11], [1, 3, 4, 6, 10]]",5.625,0.7824666287099551,2.5
494,494,"[[1, 2, 4, 5, 10, 11], [4, 5, 6, 7, 8, 9, 10], [7, 8, 10, 11], [1, 2, 3, 4, 5, 7, 8, 9, 11], [8, 11], [2, 3, 4, 5, 6, 10, 11], [2, 7, 8, 10], [1, 3, 6, 9, 10]]",5.5,0.89985834231054,2.875
495,495,"[[1, 2, 3, 6, 8, 9], [1, 2, 3, 4, 5, 10, 11], [1, 3, 4, 5, 8, 9], [2, 3, 4, 5, 7, 8, 9], [1, 3, 5, 7, 10, 11], [1, 4, 8, 10], [1, 3, 4, 5, 6, 8, 9, 10, 11], [1, 4, 5, 8, 9, 10, 11]]",6.5,0.8877437991660645,3.125
496,496,"[[1, 2, 3, 6, 7, 8], [2, 3, 5, 7, 10, 11], [1, 3, 9, 11], [4, 7, 8, 11], [1, 7, 9, 10], [3, 4, 7, 9, 11], [2, 3, 6, 7, 8, 11], [2, 3, 5]]",4.75,0.8038369524685004,2.375
497,497,"[[4, 7, 8, 9, 10], [1, 3, 4, 5, 6, 9, 10, 11], [4, 7, 8, 10], [2, 5, 7, 8, 9, 11], [3, 4, 5, 10], [1, 2, 3, 4, 6, 7, 8, 10, 11], [3, 4, 5, 6, 7, 8, 9, 10], [7, 9, 11]]",5.875,0.7940666671767441,3.125
498,498,"[[1, 3, 4, 5, 7, 8, 9], [2, 3, 4, 5, 7, 9, 10, 11], [2, 5, 6, 8, 10], [1, 4, 5, 7, 9, 10], [2, 3, 4, 9, 10, 11], [6, 7, 9, 10, 11], [2, 3, 4, 5, 6, 7, 8, 9, 11], [1, 2, 3, 8, 10]]",6.375,0.9310593829512398,3.375
499,499,"[[1, 8, 10], [1, 2, 3, 4, 5, 7, 8, 9, 10, 11], [1, 2, 4, 5, 6], [1, 4, 5, 6, 8, 11], [1, 3, 6, 7, 8, 9], [3, 7, 8, 10], [1, 3, 4, 5, 9, 10, 11], [1, 2, 3, 4, 5, 7, 8, 11]]",6.125,0.8773384834252592,3.0
